ID,cement ,blast_furnace_slag,fly_ash,water,superplasticizer,coarse_aggregate ,fine_aggregate,age,concrete_compressive_strength
1000,540.0 ,0.0 ,0.0 ,162.0 ,2.5 ,1040.0 ,676.0 ,28 ,79.99 
1001,540.0 ,0.0 ,0.0 ,162.0 ,2.5 ,1055.0 ,676.0 ,28 ,61.89 
1002,332.5 ,142.5 ,0.0 ,228.0 ,0.0 ,932.0 ,594.0 ,270 ,40.27 
1003,332.5 ,142.5 ,0.0 ,228.0 ,0.0 ,932.0 ,594.0 ,365 ,41.05 
1004,198.6 ,132.4 ,0.0 ,192.0 ,0.0 ,978.4 ,825.5 ,360 ,44.30 
1005,266.0 ,114.0 ,0.0 ,228.0 ,0.0 ,932.0 ,670.0 ,90 ,47.03 
1006,380.0 ,95.0 ,0.0 ,228.0 ,0.0 ,932.0 ,594.0 ,365 ,43.70 
1007,380.0 ,95.0 ,0.0 ,228.0 ,0.0 ,932.0 ,594.0 ,28 ,36.45 
1008,266.0 ,114.0 ,0.0 ,228.0 ,0.0 ,932.0 ,670.0 ,28 ,45.85 
1009,475.0 ,0.0 ,0.0 ,228.0 ,0.0 ,932.0 ,594.0 ,28 ,39.29 
1010,198.6 ,132.4 ,0.0 ,192.0 ,0.0 ,978.4 ,825.5 ,90 ,38.07 
1011,198.6 ,132.4 ,0.0 ,192.0 ,0.0 ,978.4 ,825.5 ,28 ,28.02 
1012,427.5 ,47.5 ,0.0 ,228.0 ,0.0 ,932.0 ,594.0 ,270 ,43.01 
1013,190.0 ,190.0 ,0.0 ,228.0 ,0.0 ,932.0 ,670.0 ,90 ,42.33 
1014,304.0 ,76.0 ,0.0 ,228.0 ,0.0 ,932.0 ,670.0 ,28 ,47.81 
1015,380.0 ,0.0 ,0.0 ,228.0 ,0.0 ,932.0 ,670.0 ,90 ,52.91 
1016,139.6 ,209.4 ,0.0 ,192.0 ,0.0 ,1047.0 ,806.9 ,90 ,39.36 
1017,342.0 ,38.0 ,0.0 ,228.0 ,0.0 ,932.0 ,670.0 ,365 ,56.14 
1018,380.0 ,95.0 ,0.0 ,228.0 ,0.0 ,932.0 ,594.0 ,90 ,40.56 
1019,475.0 ,0.0 ,0.0 ,228.0 ,0.0 ,932.0 ,594.0 ,180 ,42.62 
1020,427.5 ,47.5 ,0.0 ,228.0 ,0.0 ,932.0 ,594.0 ,180 ,41.84 
1021,139.6 ,209.4 ,0.0 ,192.0 ,0.0 ,1047.0 ,806.9 ,28 ,28.24 
1022,139.6 ,209.4 ,0.0 ,192.0 ,0.0 ,1047.0 ,806.9 ,3 ,8.06 
1023,139.6 ,209.4 ,0.0 ,192.0 ,0.0 ,1047.0 ,806.9 ,180 ,44.21 
1024,380.0 ,0.0 ,0.0 ,228.0 ,0.0 ,932.0 ,670.0 ,365 ,52.52 
1025,380.0 ,0.0 ,0.0 ,228.0 ,0.0 ,932.0 ,670.0 ,270 ,53.30 
1026,380.0 ,95.0 ,0.0 ,228.0 ,0.0 ,932.0 ,594.0 ,270 ,41.15 
1027,342.0 ,38.0 ,0.0 ,228.0 ,0.0 ,932.0 ,670.0 ,180 ,52.12 
1028,427.5 ,47.5 ,0.0 ,228.0 ,0.0 ,932.0 ,594.0 ,28 ,37.43 
1029,475.0 ,0.0 ,0.0 ,228.0 ,0.0 ,932.0 ,594.0 ,7 ,38.60 
1030,304.0 ,76.0 ,0.0 ,228.0 ,0.0 ,932.0 ,670.0 ,365 ,55.26 
1031,266.0 ,114.0 ,0.0 ,228.0 ,0.0 ,932.0 ,670.0 ,365 ,52.91 
1032,198.6 ,132.4 ,0.0 ,192.0 ,0.0 ,978.4 ,825.5 ,180 ,41.72 
1033,475.0 ,0.0 ,0.0 ,228.0 ,0.0 ,932.0 ,594.0 ,270 ,42.13 
1034,190.0 ,190.0 ,0.0 ,228.0 ,0.0 ,932.0 ,670.0 ,365 ,53.69 
1035,237.5 ,237.5 ,0.0 ,228.0 ,0.0 ,932.0 ,594.0 ,270 ,38.41 
1036,237.5 ,237.5 ,0.0 ,228.0 ,0.0 ,932.0 ,594.0 ,28 ,30.08 
1037,332.5 ,142.5 ,0.0 ,228.0 ,0.0 ,932.0 ,594.0 ,90 ,37.72 
1038,475.0 ,0.0 ,0.0 ,228.0 ,0.0 ,932.0 ,594.0 ,90 ,42.23 
1039,237.5 ,237.5 ,0.0 ,228.0 ,0.0 ,932.0 ,594.0 ,180 ,36.25 
1040,342.0 ,38.0 ,0.0 ,228.0 ,0.0 ,932.0 ,670.0 ,90 ,50.46 
1041,427.5 ,47.5 ,0.0 ,228.0 ,0.0 ,932.0 ,594.0 ,365 ,43.70 
1042,237.5 ,237.5 ,0.0 ,228.0 ,0.0 ,932.0 ,594.0 ,365 ,39.00 
1043,380.0 ,0.0 ,0.0 ,228.0 ,0.0 ,932.0 ,670.0 ,180 ,53.10 
1044,427.5 ,47.5 ,0.0 ,228.0 ,0.0 ,932.0 ,594.0 ,90 ,41.54 
1045,427.5 ,47.5 ,0.0 ,228.0 ,0.0 ,932.0 ,594.0 ,7 ,35.08 
1046,349.0 ,0.0 ,0.0 ,192.0 ,0.0 ,1047.0 ,806.9 ,3 ,15.05 
1047,380.0 ,95.0 ,0.0 ,228.0 ,0.0 ,932.0 ,594.0 ,180 ,40.76 
1048,237.5 ,237.5 ,0.0 ,228.0 ,0.0 ,932.0 ,594.0 ,7 ,26.26 
1049,380.0 ,95.0 ,0.0 ,228.0 ,0.0 ,932.0 ,594.0 ,7 ,32.82 
1050,332.5 ,142.5 ,0.0 ,228.0 ,0.0 ,932.0 ,594.0 ,180 ,39.78 
1051,190.0 ,190.0 ,0.0 ,228.0 ,0.0 ,932.0 ,670.0 ,180 ,46.93 
1052,237.5 ,237.5 ,0.0 ,228.0 ,0.0 ,932.0 ,594.0 ,90 ,33.12 
1053,304.0 ,76.0 ,0.0 ,228.0 ,0.0 ,932.0 ,670.0 ,90 ,49.19 
1054,139.6 ,209.4 ,0.0 ,192.0 ,0.0 ,1047.0 ,806.9 ,7 ,14.59 
1055,198.6 ,132.4 ,0.0 ,192.0 ,0.0 ,978.4 ,825.5 ,7 ,14.64 
1056,475.0 ,0.0 ,0.0 ,228.0 ,0.0 ,932.0 ,594.0 ,365 ,41.93 
1057,198.6 ,132.4 ,0.0 ,192.0 ,0.0 ,978.4 ,825.5 ,3 ,9.13 
1058,304.0 ,76.0 ,0.0 ,228.0 ,0.0 ,932.0 ,670.0 ,180 ,50.95 
1059,332.5 ,142.5 ,0.0 ,228.0 ,0.0 ,932.0 ,594.0 ,28 ,33.02 
1060,304.0 ,76.0 ,0.0 ,228.0 ,0.0 ,932.0 ,670.0 ,270 ,54.38 
1061,266.0 ,114.0 ,0.0 ,228.0 ,0.0 ,932.0 ,670.0 ,270 ,51.73 
1062,310.0 ,0.0 ,0.0 ,192.0 ,0.0 ,971.0 ,850.6 ,3 ,9.87 
1063,190.0 ,190.0 ,0.0 ,228.0 ,0.0 ,932.0 ,670.0 ,270 ,50.66 
1064,266.0 ,114.0 ,0.0 ,228.0 ,0.0 ,932.0 ,670.0 ,180 ,48.70 
1065,342.0 ,38.0 ,0.0 ,228.0 ,0.0 ,932.0 ,670.0 ,270 ,55.06 
1066,139.6 ,209.4 ,0.0 ,192.0 ,0.0 ,1047.0 ,806.9 ,360 ,44.70 
1067,332.5 ,142.5 ,0.0 ,228.0 ,0.0 ,932.0 ,594.0 ,7 ,30.28 
1068,190.0 ,190.0 ,0.0 ,228.0 ,0.0 ,932.0 ,670.0 ,28 ,40.86 
1069,485.0 ,0.0 ,0.0 ,146.0 ,0.0 ,1120.0 ,800.0 ,28 ,71.99 
1070,374.0 ,189.2 ,0.0 ,170.1 ,10.1 ,926.1 ,756.7 ,3 ,34.40 
1071,313.3 ,262.2 ,0.0 ,175.5 ,8.6 ,1046.9 ,611.8 ,3 ,28.80 
1072,425.0 ,106.3 ,0.0 ,153.5 ,16.5 ,852.1 ,887.1 ,3 ,33.40 
1073,425.0 ,106.3 ,0.0 ,151.4 ,18.6 ,936.0 ,803.7 ,3 ,36.30 
1074,375.0 ,93.8 ,0.0 ,126.6 ,23.4 ,852.1 ,992.6 ,3 ,29.00 
1075,475.0 ,118.8 ,0.0 ,181.1 ,8.9 ,852.1 ,781.5 ,3 ,37.80 
1076,469.0 ,117.2 ,0.0 ,137.8 ,32.2 ,852.1 ,840.5 ,3 ,40.20 
1077,425.0 ,106.3 ,0.0 ,153.5 ,16.5 ,852.1 ,887.1 ,3 ,33.40 
1078,388.6 ,97.1 ,0.0 ,157.9 ,12.1 ,852.1 ,925.7 ,3 ,28.10 
1079,531.3 ,0.0 ,0.0 ,141.8 ,28.2 ,852.1 ,893.7 ,3 ,41.30 
1080,425.0 ,106.3 ,0.0 ,153.5 ,16.5 ,852.1 ,887.1 ,3 ,33.40 
1081,318.8 ,212.5 ,0.0 ,155.7 ,14.3 ,852.1 ,880.4 ,3 ,25.20 
1082,401.8 ,94.7 ,0.0 ,147.4 ,11.4 ,946.8 ,852.1 ,3 ,41.10 
1083,362.6 ,189.0 ,0.0 ,164.9 ,11.6 ,944.7 ,755.8 ,3 ,35.30 
1084,323.7 ,282.8 ,0.0 ,183.8 ,10.3 ,942.7 ,659.9 ,3 ,28.30 
1085,379.5 ,151.2 ,0.0 ,153.9 ,15.9 ,1134.3 ,605.0 ,3 ,28.60 
1086,362.6 ,189.0 ,0.0 ,164.9 ,11.6 ,944.7 ,755.8 ,3 ,35.30 
1087,286.3 ,200.9 ,0.0 ,144.7 ,11.2 ,1004.6 ,803.7 ,3 ,24.40 
1088,362.6 ,189.0 ,0.0 ,164.9 ,11.6 ,944.7 ,755.8 ,3 ,35.30 
1089,439.0 ,177.0 ,0.0 ,186.0 ,11.1 ,884.9 ,707.9 ,3 ,39.30 
1090,389.9 ,189.0 ,0.0 ,145.9 ,22.0 ,944.7 ,755.8 ,3 ,40.60 
1091,362.6 ,189.0 ,0.0 ,164.9 ,11.6 ,944.7 ,755.8 ,3 ,35.30 
1092,337.9 ,189.0 ,0.0 ,174.9 ,9.5 ,944.7 ,755.8 ,3 ,24.10 
1093,374.0 ,189.2 ,0.0 ,170.1 ,10.1 ,926.1 ,756.7 ,7 ,46.20 
1094,313.3 ,262.2 ,0.0 ,175.5 ,8.6 ,1046.9 ,611.8 ,7 ,42.80 
1095,425.0 ,106.3 ,0.0 ,153.5 ,16.5 ,852.1 ,887.1 ,7 ,49.20 
1096,425.0 ,106.3 ,0.0 ,151.4 ,18.6 ,936.0 ,803.7 ,7 ,46.80 
1097,375.0 ,93.8 ,0.0 ,126.6 ,23.4 ,852.1 ,992.6 ,7 ,45.70 
1098,475.0 ,118.8 ,0.0 ,181.1 ,8.9 ,852.1 ,781.5 ,7 ,55.60 
1099,469.0 ,117.2 ,0.0 ,137.8 ,32.2 ,852.1 ,840.5 ,7 ,54.90 
1100,425.0 ,106.3 ,0.0 ,153.5 ,16.5 ,852.1 ,887.1 ,7 ,49.20 
1101,388.6 ,97.1 ,0.0 ,157.9 ,12.1 ,852.1 ,925.7 ,7 ,34.90 
1102,531.3 ,0.0 ,0.0 ,141.8 ,28.2 ,852.1 ,893.7 ,7 ,46.90 
1103,425.0 ,106.3 ,0.0 ,153.5 ,16.5 ,852.1 ,887.1 ,7 ,49.20 
1104,318.8 ,212.5 ,0.0 ,155.7 ,14.3 ,852.1 ,880.4 ,7 ,33.40 
1105,401.8 ,94.7 ,0.0 ,147.4 ,11.4 ,946.8 ,852.1 ,7 ,54.10 
1106,362.6 ,189.0 ,0.0 ,164.9 ,11.6 ,944.7 ,755.8 ,7 ,55.90 
1107,323.7 ,282.8 ,0.0 ,183.8 ,10.3 ,942.7 ,659.9 ,7 ,49.80 
1108,379.5 ,151.2 ,0.0 ,153.9 ,15.9 ,1134.3 ,605.0 ,7 ,47.10 
1109,362.6 ,189.0 ,0.0 ,164.9 ,11.6 ,944.7 ,755.8 ,7 ,55.90 
1110,286.3 ,200.9 ,0.0 ,144.7 ,11.2 ,1004.6 ,803.7 ,7 ,38.00 
1111,362.6 ,189.0 ,0.0 ,164.9 ,11.6 ,944.7 ,755.8 ,7 ,55.90 
1112,439.0 ,177.0 ,0.0 ,186.0 ,11.1 ,884.9 ,707.9 ,7 ,56.10 
1113,389.9 ,189.0 ,0.0 ,145.9 ,22.0 ,944.7 ,755.8 ,7 ,59.09 
1114,362.6 ,189.0 ,0.0 ,164.9 ,11.6 ,944.7 ,755.8 ,7 ,22.90 
1115,337.9 ,189.0 ,0.0 ,174.9 ,9.5 ,944.7 ,755.8 ,7 ,35.10 
1116,374.0 ,189.2 ,0.0 ,170.1 ,10.1 ,926.1 ,756.7 ,28 ,61.09 
1117,313.3 ,262.2 ,0.0 ,175.5 ,8.6 ,1046.9 ,611.8 ,28 ,59.80 
1118,425.0 ,106.3 ,0.0 ,153.5 ,16.5 ,852.1 ,887.1 ,28 ,60.29 
1119,425.0 ,106.3 ,0.0 ,151.4 ,18.6 ,936.0 ,803.7 ,28 ,61.80 
1120,375.0 ,93.8 ,0.0 ,126.6 ,23.4 ,852.1 ,992.6 ,28 ,56.70 
1121,475.0 ,118.8 ,0.0 ,181.1 ,8.9 ,852.1 ,781.5 ,28 ,68.30 
1122,469.0 ,117.2 ,0.0 ,137.8 ,32.2 ,852.1 ,840.5 ,28 ,66.90 
1123,425.0 ,106.3 ,0.0 ,153.5 ,16.5 ,852.1 ,887.1 ,28 ,60.29 
1124,388.6 ,97.1 ,0.0 ,157.9 ,12.1 ,852.1 ,925.7 ,28 ,50.70 
1125,531.3 ,0.0 ,0.0 ,141.8 ,28.2 ,852.1 ,893.7 ,28 ,56.40 
1126,425.0 ,106.3 ,0.0 ,153.5 ,16.5 ,852.1 ,887.1 ,28 ,60.29 
1127,318.8 ,212.5 ,0.0 ,155.7 ,14.3 ,852.1 ,880.4 ,28 ,55.50 
1128,401.8 ,94.7 ,0.0 ,147.4 ,11.4 ,946.8 ,852.1 ,28 ,68.50 
1129,362.6 ,189.0 ,0.0 ,164.9 ,11.6 ,944.7 ,755.8 ,28 ,71.30 
1130,323.7 ,282.8 ,0.0 ,183.8 ,10.3 ,942.7 ,659.9 ,28 ,74.70 
1131,379.5 ,151.2 ,0.0 ,153.9 ,15.9 ,1134.3 ,605.0 ,28 ,52.20 
1132,362.6 ,189.0 ,0.0 ,164.9 ,11.6 ,944.7 ,755.8 ,28 ,71.30 
1133,286.3 ,200.9 ,0.0 ,144.7 ,11.2 ,1004.6 ,803.7 ,28 ,67.70 
1134,362.6 ,189.0 ,0.0 ,164.9 ,11.6 ,944.7 ,755.8 ,28 ,71.30 
1135,439.0 ,177.0 ,0.0 ,186.0 ,11.1 ,884.9 ,707.9 ,28 ,66.00 
1136,389.9 ,189.0 ,0.0 ,145.9 ,22.0 ,944.7 ,755.8 ,28 ,74.50 
1137,362.6 ,189.0 ,0.0 ,164.9 ,11.6 ,944.7 ,755.8 ,28 ,71.30 
1138,337.9 ,189.0 ,0.0 ,174.9 ,9.5 ,944.7 ,755.8 ,28 ,49.90 
1139,374.0 ,189.2 ,0.0 ,170.1 ,10.1 ,926.1 ,756.7 ,56 ,63.40 
1140,313.3 ,262.2 ,0.0 ,175.5 ,8.6 ,1046.9 ,611.8 ,56 ,64.90 
1141,425.0 ,106.3 ,0.0 ,153.5 ,16.5 ,852.1 ,887.1 ,56 ,64.30 
1142,425.0 ,106.3 ,0.0 ,151.4 ,18.6 ,936.0 ,803.7 ,56 ,64.90 
1143,375.0 ,93.8 ,0.0 ,126.6 ,23.4 ,852.1 ,992.6 ,56 ,60.20 
1144,475.0 ,118.8 ,0.0 ,181.1 ,8.9 ,852.1 ,781.5 ,56 ,72.30 
1145,469.0 ,117.2 ,0.0 ,137.8 ,32.2 ,852.1 ,840.5 ,56 ,69.30 
1146,425.0 ,106.3 ,0.0 ,153.5 ,16.5 ,852.1 ,887.1 ,56 ,64.30 
1147,388.6 ,97.1 ,0.0 ,157.9 ,12.1 ,852.1 ,925.7 ,56 ,55.20 
1148,531.3 ,0.0 ,0.0 ,141.8 ,28.2 ,852.1 ,893.7 ,56 ,58.80 
1149,425.0 ,106.3 ,0.0 ,153.5 ,16.5 ,852.1 ,887.1 ,56 ,64.30 
1150,318.8 ,212.5 ,0.0 ,155.7 ,14.3 ,852.1 ,880.4 ,56 ,66.10 
1151,401.8 ,94.7 ,0.0 ,147.4 ,11.4 ,946.8 ,852.1 ,56 ,73.70 
1152,362.6 ,189.0 ,0.0 ,164.9 ,11.6 ,944.7 ,755.8 ,56 ,77.30 
1153,323.7 ,282.8 ,0.0 ,183.8 ,10.3 ,942.7 ,659.9 ,56 ,80.20 
1154,379.5 ,151.2 ,0.0 ,153.9 ,15.9 ,1134.3 ,605.0 ,56 ,54.90 
1155,362.6 ,189.0 ,0.0 ,164.9 ,11.6 ,944.7 ,755.8 ,56 ,77.30 
1156,286.3 ,200.9 ,0.0 ,144.7 ,11.2 ,1004.6 ,803.7 ,56 ,72.99 
1157,362.6 ,189.0 ,0.0 ,164.9 ,11.6 ,944.7 ,755.8 ,56 ,77.30 
1158,439.0 ,177.0 ,0.0 ,186.0 ,11.1 ,884.9 ,707.9 ,56 ,71.70 
1159,389.9 ,189.0 ,0.0 ,145.9 ,22.0 ,944.7 ,755.8 ,56 ,79.40 
1160,362.6 ,189.0 ,0.0 ,164.9 ,11.6 ,944.7 ,755.8 ,56 ,77.30 
1161,337.9 ,189.0 ,0.0 ,174.9 ,9.5 ,944.7 ,755.8 ,56 ,59.89 
1162,374.0 ,189.2 ,0.0 ,170.1 ,10.1 ,926.1 ,756.7 ,91 ,64.90 
1163,313.3 ,262.2 ,0.0 ,175.5 ,8.6 ,1046.9 ,611.8 ,91 ,66.60 
1164,425.0 ,106.3 ,0.0 ,153.5 ,16.5 ,852.1 ,887.1 ,91 ,65.20 
1165,425.0 ,106.3 ,0.0 ,151.4 ,18.6 ,936.0 ,803.7 ,91 ,66.70 
1166,375.0 ,93.8 ,0.0 ,126.6 ,23.4 ,852.1 ,992.6 ,91 ,62.50 
1167,475.0 ,118.8 ,0.0 ,181.1 ,8.9 ,852.1 ,781.5 ,91 ,74.19 
1168,469.0 ,117.2 ,0.0 ,137.8 ,32.2 ,852.1 ,840.5 ,91 ,70.70 
1169,425.0 ,106.3 ,0.0 ,153.5 ,16.5 ,852.1 ,887.1 ,91 ,65.20 
1170,388.6 ,97.1 ,0.0 ,157.9 ,12.1 ,852.1 ,925.7 ,91 ,57.60 
1171,531.3 ,0.0 ,0.0 ,141.8 ,28.2 ,852.1 ,893.7 ,91 ,59.20 
1172,425.0 ,106.3 ,0.0 ,153.5 ,16.5 ,852.1 ,887.1 ,91 ,65.20 
1173,318.8 ,212.5 ,0.0 ,155.7 ,14.3 ,852.1 ,880.4 ,91 ,68.10 
1174,401.8 ,94.7 ,0.0 ,147.4 ,11.4 ,946.8 ,852.1 ,91 ,75.50 
1175,362.6 ,189.0 ,0.0 ,164.9 ,11.6 ,944.7 ,755.8 ,91 ,79.30 
1176,379.5 ,151.2 ,0.0 ,153.9 ,15.9 ,1134.3 ,605.0 ,91 ,56.50 
1177,362.6 ,189.0 ,0.0 ,164.9 ,11.6 ,944.7 ,755.8 ,91 ,79.30 
1178,286.3 ,200.9 ,0.0 ,144.7 ,11.2 ,1004.6 ,803.7 ,91 ,76.80 
1179,362.6 ,189.0 ,0.0 ,164.9 ,11.6 ,944.7 ,755.8 ,91 ,79.30 
1180,439.0 ,177.0 ,0.0 ,186.0 ,11.1 ,884.9 ,707.9 ,91 ,73.30 
1181,389.9 ,189.0 ,0.0 ,145.9 ,22.0 ,944.7 ,755.8 ,91 ,82.60 
1182,362.6 ,189.0 ,0.0 ,164.9 ,11.6 ,944.7 ,755.8 ,91 ,79.30 
1183,337.9 ,189.0 ,0.0 ,174.9 ,9.5 ,944.7 ,755.8 ,91 ,67.80 
1184,222.4 ,0.0 ,96.7 ,189.3 ,4.5 ,967.1 ,870.3 ,3 ,11.58 
1185,222.4 ,0.0 ,96.7 ,189.3 ,4.5 ,967.1 ,870.3 ,14 ,24.45 
1186,222.4 ,0.0 ,96.7 ,189.3 ,4.5 ,967.1 ,870.3 ,28 ,24.89 
1187,222.4 ,0.0 ,96.7 ,189.3 ,4.5 ,967.1 ,870.3 ,56 ,29.45 
1188,222.4 ,0.0 ,96.7 ,189.3 ,4.5 ,967.1 ,870.3 ,100 ,40.71 
1189,233.8 ,0.0 ,94.6 ,197.9 ,4.6 ,947.0 ,852.2 ,3 ,10.38 
1190,233.8 ,0.0 ,94.6 ,197.9 ,4.6 ,947.0 ,852.2 ,14 ,22.14 
1191,233.8 ,0.0 ,94.6 ,197.9 ,4.6 ,947.0 ,852.2 ,28 ,22.84 
1192,233.8 ,0.0 ,94.6 ,197.9 ,4.6 ,947.0 ,852.2 ,56 ,27.66 
1193,233.8 ,0.0 ,94.6 ,197.9 ,4.6 ,947.0 ,852.2 ,100 ,34.56 
1194,194.7 ,0.0 ,100.5 ,165.6 ,7.5 ,1006.4 ,905.9 ,3 ,12.45 
1195,194.7 ,0.0 ,100.5 ,165.6 ,7.5 ,1006.4 ,905.9 ,14 ,24.99 
1196,194.7 ,0.0 ,100.5 ,165.6 ,7.5 ,1006.4 ,905.9 ,28 ,25.72 
1197,194.7 ,0.0 ,100.5 ,165.6 ,7.5 ,1006.4 ,905.9 ,56 ,33.96 
1198,194.7 ,0.0 ,100.5 ,165.6 ,7.5 ,1006.4 ,905.9 ,100 ,37.34 
1199,190.7 ,0.0 ,125.4 ,162.1 ,7.8 ,1090.0 ,804.0 ,3 ,15.04 
1200,190.7 ,0.0 ,125.4 ,162.1 ,7.8 ,1090.0 ,804.0 ,14 ,21.06 
1201,190.7 ,0.0 ,125.4 ,162.1 ,7.8 ,1090.0 ,804.0 ,28 ,26.40 
1202,190.7 ,0.0 ,125.4 ,162.1 ,7.8 ,1090.0 ,804.0 ,56 ,35.34 
1203,190.7 ,0.0 ,125.4 ,162.1 ,7.8 ,1090.0 ,804.0 ,100 ,40.57 
1204,212.1 ,0.0 ,121.6 ,180.3 ,5.7 ,1057.6 ,779.3 ,3 ,12.47 
1205,212.1 ,0.0 ,121.6 ,180.3 ,5.7 ,1057.6 ,779.3 ,14 ,20.92 
1206,212.1 ,0.0 ,121.6 ,180.3 ,5.7 ,1057.6 ,779.3 ,28 ,24.90 
1207,212.1 ,0.0 ,121.6 ,180.3 ,5.7 ,1057.6 ,779.3 ,56 ,34.20 
1208,212.1 ,0.0 ,121.6 ,180.3 ,5.7 ,1057.6 ,779.3 ,100 ,39.61 
1209,230.0 ,0.0 ,118.3 ,195.5 ,4.6 ,1029.4 ,758.6 ,3 ,10.03 
1210,230.0 ,0.0 ,118.3 ,195.5 ,4.6 ,1029.4 ,758.6 ,14 ,20.08 
1211,230.0 ,0.0 ,118.3 ,195.5 ,4.6 ,1029.4 ,758.6 ,28 ,24.48 
1212,230.0 ,0.0 ,118.3 ,195.5 ,4.6 ,1029.4 ,758.6 ,56 ,31.54 
1213,230.0 ,0.0 ,118.3 ,195.5 ,4.6 ,1029.4 ,758.6 ,100 ,35.34 
1214,190.3 ,0.0 ,125.2 ,161.9 ,9.9 ,1088.1 ,802.6 ,3 ,9.45 
1215,190.3 ,0.0 ,125.2 ,161.9 ,9.9 ,1088.1 ,802.6 ,14 ,22.72 
1216,190.3 ,0.0 ,125.2 ,161.9 ,9.9 ,1088.1 ,802.6 ,28 ,28.47 
1217,190.3 ,0.0 ,125.2 ,161.9 ,9.9 ,1088.1 ,802.6 ,56 ,38.56 
1218,190.3 ,0.0 ,125.2 ,161.9 ,9.9 ,1088.1 ,802.6 ,100 ,40.39 
1219,166.1 ,0.0 ,163.3 ,176.5 ,4.5 ,1058.6 ,780.1 ,3 ,10.76 
1220,166.1 ,0.0 ,163.3 ,176.5 ,4.5 ,1058.6 ,780.1 ,14 ,25.48 
1221,166.1 ,0.0 ,163.3 ,176.5 ,4.5 ,1058.6 ,780.1 ,28 ,21.54 
1222,166.1 ,0.0 ,163.3 ,176.5 ,4.5 ,1058.6 ,780.1 ,56 ,28.63 
1223,166.1 ,0.0 ,163.3 ,176.5 ,4.5 ,1058.6 ,780.1 ,100 ,33.54 
1224,168.0 ,42.1 ,163.8 ,121.8 ,5.7 ,1058.7 ,780.1 ,3 ,7.75 
1225,168.0 ,42.1 ,163.8 ,121.8 ,5.7 ,1058.7 ,780.1 ,14 ,17.82 
1226,168.0 ,42.1 ,163.8 ,121.8 ,5.7 ,1058.7 ,780.1 ,28 ,24.24 
1227,168.0 ,42.1 ,163.8 ,121.8 ,5.7 ,1058.7 ,780.1 ,56 ,32.85 
1228,168.0 ,42.1 ,163.8 ,121.8 ,5.7 ,1058.7 ,780.1 ,100 ,39.23 
1229,213.7 ,98.1 ,24.5 ,181.7 ,6.9 ,1065.8 ,785.4 ,3 ,18.00 
1230,213.7 ,98.1 ,24.5 ,181.7 ,6.9 ,1065.8 ,785.4 ,14 ,30.39 
1231,213.7 ,98.1 ,24.5 ,181.7 ,6.9 ,1065.8 ,785.4 ,28 ,45.71 
1232,213.7 ,98.1 ,24.5 ,181.7 ,6.9 ,1065.8 ,785.4 ,56 ,50.77 
1233,213.7 ,98.1 ,24.5 ,181.7 ,6.9 ,1065.8 ,785.4 ,100 ,53.90 
1234,213.8 ,98.1 ,24.5 ,181.7 ,6.7 ,1066.0 ,785.5 ,3 ,13.18 
1235,213.8 ,98.1 ,24.5 ,181.7 ,6.7 ,1066.0 ,785.5 ,14 ,17.84 
1236,213.8 ,98.1 ,24.5 ,181.7 ,6.7 ,1066.0 ,785.5 ,28 ,40.23 
1237,213.8 ,98.1 ,24.5 ,181.7 ,6.7 ,1066.0 ,785.5 ,56 ,47.13 
1238,213.8 ,98.1 ,24.5 ,181.7 ,6.7 ,1066.0 ,785.5 ,100 ,49.97 
1239,229.7 ,0.0 ,118.2 ,195.2 ,6.1 ,1028.1 ,757.6 ,3 ,13.36 
1240,229.7 ,0.0 ,118.2 ,195.2 ,6.1 ,1028.1 ,757.6 ,14 ,22.32 
1241,229.7 ,0.0 ,118.2 ,195.2 ,6.1 ,1028.1 ,757.6 ,28 ,24.54 
1242,229.7 ,0.0 ,118.2 ,195.2 ,6.1 ,1028.1 ,757.6 ,56 ,31.35 
1243,229.7 ,0.0 ,118.2 ,195.2 ,6.1 ,1028.1 ,757.6 ,100 ,40.86 
1244,238.1 ,0.0 ,94.1 ,186.7 ,7.0 ,949.9 ,847.0 ,3 ,19.93 
1245,238.1 ,0.0 ,94.1 ,186.7 ,7.0 ,949.9 ,847.0 ,14 ,25.69 
1246,238.1 ,0.0 ,94.1 ,186.7 ,7.0 ,949.9 ,847.0 ,28 ,30.23 
1247,238.1 ,0.0 ,94.1 ,186.7 ,7.0 ,949.9 ,847.0 ,56 ,39.59 
1248,238.1 ,0.0 ,94.1 ,186.7 ,7.0 ,949.9 ,847.0 ,100 ,44.30 
1249,250.0 ,0.0 ,95.7 ,187.4 ,5.5 ,956.9 ,861.2 ,3 ,13.82 
1250,250.0 ,0.0 ,95.7 ,187.4 ,5.5 ,956.9 ,861.2 ,14 ,24.92 
1251,250.0 ,0.0 ,95.7 ,187.4 ,5.5 ,956.9 ,861.2 ,28 ,29.22 
1252,250.0 ,0.0 ,95.7 ,187.4 ,5.5 ,956.9 ,861.2 ,56 ,38.33 
1253,250.0 ,0.0 ,95.7 ,187.4 ,5.5 ,956.9 ,861.2 ,100 ,42.35 
1254,212.5 ,0.0 ,100.4 ,159.3 ,8.7 ,1007.8 ,903.6 ,3 ,13.54 
1255,212.5 ,0.0 ,100.4 ,159.3 ,8.7 ,1007.8 ,903.6 ,14 ,26.31 
1256,212.5 ,0.0 ,100.4 ,159.3 ,8.7 ,1007.8 ,903.6 ,28 ,31.64 
1257,212.5 ,0.0 ,100.4 ,159.3 ,8.7 ,1007.8 ,903.6 ,56 ,42.55 
1258,212.5 ,0.0 ,100.4 ,159.3 ,8.7 ,1007.8 ,903.6 ,100 ,42.92 
1259,212.6 ,0.0 ,100.4 ,159.4 ,10.4 ,1003.8 ,903.8 ,3 ,13.33 
1260,212.6 ,0.0 ,100.4 ,159.4 ,10.4 ,1003.8 ,903.8 ,14 ,25.37 
1261,212.6 ,0.0 ,100.4 ,159.4 ,10.4 ,1003.8 ,903.8 ,28 ,37.40 
1262,212.6 ,0.0 ,100.4 ,159.4 ,10.4 ,1003.8 ,903.8 ,56 ,44.40 
1263,212.6 ,0.0 ,100.4 ,159.4 ,10.4 ,1003.8 ,903.8 ,100 ,47.74 
1264,212.0 ,0.0 ,124.8 ,159.0 ,7.8 ,1085.4 ,799.5 ,3 ,19.52 
1265,212.0 ,0.0 ,124.8 ,159.0 ,7.8 ,1085.4 ,799.5 ,14 ,31.35 
1266,212.0 ,0.0 ,124.8 ,159.0 ,7.8 ,1085.4 ,799.5 ,28 ,38.50 
1267,212.0 ,0.0 ,124.8 ,159.0 ,7.8 ,1085.4 ,799.5 ,56 ,45.08 
1268,212.0 ,0.0 ,124.8 ,159.0 ,7.8 ,1085.4 ,799.5 ,100 ,47.82 
1269,231.8 ,0.0 ,121.6 ,174.0 ,6.7 ,1056.4 ,778.5 ,3 ,15.44 
1270,231.8 ,0.0 ,121.6 ,174.0 ,6.7 ,1056.4 ,778.5 ,14 ,26.77 
1271,231.8 ,0.0 ,121.6 ,174.0 ,6.7 ,1056.4 ,778.5 ,28 ,33.73 
1272,231.8 ,0.0 ,121.6 ,174.0 ,6.7 ,1056.4 ,778.5 ,56 ,42.70 
1273,231.8 ,0.0 ,121.6 ,174.0 ,6.7 ,1056.4 ,778.5 ,100 ,45.84 
1274,251.4 ,0.0 ,118.3 ,188.5 ,5.8 ,1028.4 ,757.7 ,3 ,17.22 
1275,251.4 ,0.0 ,118.3 ,188.5 ,5.8 ,1028.4 ,757.7 ,14 ,29.93 
1276,251.4 ,0.0 ,118.3 ,188.5 ,5.8 ,1028.4 ,757.7 ,28 ,29.65 
1277,251.4 ,0.0 ,118.3 ,188.5 ,5.8 ,1028.4 ,757.7 ,56 ,36.97 
1278,251.4 ,0.0 ,118.3 ,188.5 ,5.8 ,1028.4 ,757.7 ,100 ,43.58 
1279,251.4 ,0.0 ,118.3 ,188.5 ,6.4 ,1028.4 ,757.7 ,3 ,13.12 
1280,251.4 ,0.0 ,118.3 ,188.5 ,6.4 ,1028.4 ,757.7 ,14 ,24.43 
1281,251.4 ,0.0 ,118.3 ,188.5 ,6.4 ,1028.4 ,757.7 ,28 ,32.66 
1282,251.4 ,0.0 ,118.3 ,188.5 ,6.4 ,1028.4 ,757.7 ,56 ,36.64 
1283,251.4 ,0.0 ,118.3 ,188.5 ,6.4 ,1028.4 ,757.7 ,100 ,44.21 
1284,181.4 ,0.0 ,167.0 ,169.6 ,7.6 ,1055.6 ,777.8 ,3 ,13.62 
1285,181.4 ,0.0 ,167.0 ,169.6 ,7.6 ,1055.6 ,777.8 ,14 ,21.60 
1286,181.4 ,0.0 ,167.0 ,169.6 ,7.6 ,1055.6 ,777.8 ,28 ,27.77 
1287,181.4 ,0.0 ,167.0 ,169.6 ,7.6 ,1055.6 ,777.8 ,56 ,35.57 
1288,181.4 ,0.0 ,167.0 ,169.6 ,7.6 ,1055.6 ,777.8 ,100 ,45.37 
1289,182.0 ,45.2 ,122.0 ,170.2 ,8.2 ,1059.4 ,780.7 ,3 ,7.32 
1290,182.0 ,45.2 ,122.0 ,170.2 ,8.2 ,1059.4 ,780.7 ,14 ,21.50 
1291,182.0 ,45.2 ,122.0 ,170.2 ,8.2 ,1059.4 ,780.7 ,28 ,31.27 
1292,182.0 ,45.2 ,122.0 ,170.2 ,8.2 ,1059.4 ,780.7 ,56 ,43.50 
1293,182.0 ,45.2 ,122.0 ,170.2 ,8.2 ,1059.4 ,780.7 ,100 ,48.67 
1294,168.9 ,42.2 ,124.3 ,158.3 ,10.8 ,1080.8 ,796.2 ,3 ,7.40 
1295,168.9 ,42.2 ,124.3 ,158.3 ,10.8 ,1080.8 ,796.2 ,14 ,23.51 
1296,168.9 ,42.2 ,124.3 ,158.3 ,10.8 ,1080.8 ,796.2 ,28 ,31.12 
1297,168.9 ,42.2 ,124.3 ,158.3 ,10.8 ,1080.8 ,796.2 ,56 ,39.15 
1298,168.9 ,42.2 ,124.3 ,158.3 ,10.8 ,1080.8 ,796.2 ,100 ,48.15 
1299,290.4 ,0.0 ,96.2 ,168.1 ,9.4 ,961.2 ,865.0 ,3 ,22.50 
1300,290.4 ,0.0 ,96.2 ,168.1 ,9.4 ,961.2 ,865.0 ,14 ,34.67 
1301,290.4 ,0.0 ,96.2 ,168.1 ,9.4 ,961.2 ,865.0 ,28 ,34.74 
1302,290.4 ,0.0 ,96.2 ,168.1 ,9.4 ,961.2 ,865.0 ,56 ,45.08 
1303,290.4 ,0.0 ,96.2 ,168.1 ,9.4 ,961.2 ,865.0 ,100 ,48.97 
1304,277.1 ,0.0 ,97.4 ,160.6 ,11.8 ,973.9 ,875.6 ,3 ,23.14 
1305,277.1 ,0.0 ,97.4 ,160.6 ,11.8 ,973.9 ,875.6 ,14 ,41.89 
1306,277.1 ,0.0 ,97.4 ,160.6 ,11.8 ,973.9 ,875.6 ,28 ,48.28 
1307,277.1 ,0.0 ,97.4 ,160.6 ,11.8 ,973.9 ,875.6 ,56 ,51.04 
1308,277.1 ,0.0 ,97.4 ,160.6 ,11.8 ,973.9 ,875.6 ,100 ,55.64 
1309,295.7 ,0.0 ,95.6 ,171.5 ,8.9 ,955.1 ,859.2 ,3 ,22.95 
1310,295.7 ,0.0 ,95.6 ,171.5 ,8.9 ,955.1 ,859.2 ,14 ,35.23 
1311,295.7 ,0.0 ,95.6 ,171.5 ,8.9 ,955.1 ,859.2 ,28 ,39.94 
1312,295.7 ,0.0 ,95.6 ,171.5 ,8.9 ,955.1 ,859.2 ,56 ,48.72 
1313,295.7 ,0.0 ,95.6 ,171.5 ,8.9 ,955.1 ,859.2 ,100 ,52.04 
1314,251.8 ,0.0 ,99.9 ,146.1 ,12.4 ,1006.0 ,899.8 ,3 ,21.02 
1315,251.8 ,0.0 ,99.9 ,146.1 ,12.4 ,1006.0 ,899.8 ,14 ,33.36 
1316,251.8 ,0.0 ,99.9 ,146.1 ,12.4 ,1006.0 ,899.8 ,28 ,33.94 
1317,251.8 ,0.0 ,99.9 ,146.1 ,12.4 ,1006.0 ,899.8 ,56 ,44.14 
1318,251.8 ,0.0 ,99.9 ,146.1 ,12.4 ,1006.0 ,899.8 ,100 ,45.37 
1319,249.1 ,0.0 ,98.8 ,158.1 ,12.8 ,987.8 ,889.0 ,3 ,15.36 
1320,249.1 ,0.0 ,98.8 ,158.1 ,12.8 ,987.8 ,889.0 ,14 ,28.68 
1321,249.1 ,0.0 ,98.8 ,158.1 ,12.8 ,987.8 ,889.0 ,28 ,30.85 
1322,249.1 ,0.0 ,98.8 ,158.1 ,12.8 ,987.8 ,889.0 ,56 ,42.03 
1323,249.1 ,0.0 ,98.8 ,158.1 ,12.8 ,987.8 ,889.0 ,100 ,51.06 
1324,252.3 ,0.0 ,98.8 ,146.3 ,14.2 ,987.8 ,889.0 ,3 ,21.78 
1325,252.3 ,0.0 ,98.8 ,146.3 ,14.2 ,987.8 ,889.0 ,14 ,42.29 
1326,252.3 ,0.0 ,98.8 ,146.3 ,14.2 ,987.8 ,889.0 ,28 ,50.60 
1327,252.3 ,0.0 ,98.8 ,146.3 ,14.2 ,987.8 ,889.0 ,56 ,55.83 
1328,252.3 ,0.0 ,98.8 ,146.3 ,14.2 ,987.8 ,889.0 ,100 ,60.95 
1329,246.8 ,0.0 ,125.1 ,143.3 ,12.0 ,1086.8 ,800.9 ,3 ,23.52 
1330,246.8 ,0.0 ,125.1 ,143.3 ,12.0 ,1086.8 ,800.9 ,14 ,42.22 
1331,246.8 ,0.0 ,125.1 ,143.3 ,12.0 ,1086.8 ,800.9 ,28 ,52.50 
1332,246.8 ,0.0 ,125.1 ,143.3 ,12.0 ,1086.8 ,800.9 ,56 ,60.32 
1333,246.8 ,0.0 ,125.1 ,143.3 ,12.0 ,1086.8 ,800.9 ,100 ,66.42 
1334,275.1 ,0.0 ,121.4 ,159.5 ,9.9 ,1053.6 ,777.5 ,3 ,23.80 
1335,275.1 ,0.0 ,121.4 ,159.5 ,9.9 ,1053.6 ,777.5 ,14 ,38.77 
1336,275.1 ,0.0 ,121.4 ,159.5 ,9.9 ,1053.6 ,777.5 ,28 ,51.33 
1337,275.1 ,0.0 ,121.4 ,159.5 ,9.9 ,1053.6 ,777.5 ,56 ,56.85 
1338,275.1 ,0.0 ,121.4 ,159.5 ,9.9 ,1053.6 ,777.5 ,100 ,58.61 
1339,297.2 ,0.0 ,117.5 ,174.8 ,9.5 ,1022.8 ,753.5 ,3 ,21.91 
1340,297.2 ,0.0 ,117.5 ,174.8 ,9.5 ,1022.8 ,753.5 ,14 ,36.99 
1341,297.2 ,0.0 ,117.5 ,174.8 ,9.5 ,1022.8 ,753.5 ,28 ,47.40 
1342,297.2 ,0.0 ,117.5 ,174.8 ,9.5 ,1022.8 ,753.5 ,56 ,51.96 
1343,297.2 ,0.0 ,117.5 ,174.8 ,9.5 ,1022.8 ,753.5 ,100 ,56.74 
1344,213.7 ,0.0 ,174.7 ,154.8 ,10.2 ,1053.5 ,776.4 ,3 ,17.57 
1345,213.7 ,0.0 ,174.7 ,154.8 ,10.2 ,1053.5 ,776.4 ,14 ,33.73 
1346,213.7 ,0.0 ,174.7 ,154.8 ,10.2 ,1053.5 ,776.4 ,28 ,40.15 
1347,213.7 ,0.0 ,174.7 ,154.8 ,10.2 ,1053.5 ,776.4 ,56 ,46.64 
1348,213.7 ,0.0 ,174.7 ,154.8 ,10.2 ,1053.5 ,776.4 ,100 ,50.08 
1349,213.5 ,0.0 ,174.2 ,154.6 ,11.7 ,1052.3 ,775.5 ,3 ,17.37 
1350,213.5 ,0.0 ,174.2 ,154.6 ,11.7 ,1052.3 ,775.5 ,14 ,33.70 
1351,213.5 ,0.0 ,174.2 ,154.6 ,11.7 ,1052.3 ,775.5 ,28 ,45.94 
1352,213.5 ,0.0 ,174.2 ,154.6 ,11.7 ,1052.3 ,775.5 ,56 ,51.43 
1353,213.5 ,0.0 ,174.2 ,154.6 ,11.7 ,1052.3 ,775.5 ,100 ,59.30 
1354,277.2 ,97.8 ,24.5 ,160.7 ,11.2 ,1061.7 ,782.5 ,3 ,30.45 
1355,277.2 ,97.8 ,24.5 ,160.7 ,11.2 ,1061.7 ,782.5 ,14 ,47.71 
1356,277.2 ,97.8 ,24.5 ,160.7 ,11.2 ,1061.7 ,782.5 ,28 ,63.14 
1357,277.2 ,97.8 ,24.5 ,160.7 ,11.2 ,1061.7 ,782.5 ,56 ,66.82 
1358,277.2 ,97.8 ,24.5 ,160.7 ,11.2 ,1061.7 ,782.5 ,100 ,66.95 
1359,218.2 ,54.6 ,123.8 ,140.8 ,11.9 ,1075.7 ,792.7 ,3 ,27.42 
1360,218.2 ,54.6 ,123.8 ,140.8 ,11.9 ,1075.7 ,792.7 ,14 ,35.96 
1361,218.2 ,54.6 ,123.8 ,140.8 ,11.9 ,1075.7 ,792.7 ,28 ,55.51 
1362,218.2 ,54.6 ,123.8 ,140.8 ,11.9 ,1075.7 ,792.7 ,56 ,61.99 
1363,218.2 ,54.6 ,123.8 ,140.8 ,11.9 ,1075.7 ,792.7 ,100 ,63.53 
1364,214.9 ,53.8 ,121.9 ,155.6 ,9.6 ,1014.3 ,780.6 ,3 ,18.02 
1365,214.9 ,53.8 ,121.9 ,155.6 ,9.6 ,1014.3 ,780.6 ,14 ,38.60 
1366,214.9 ,53.8 ,121.9 ,155.6 ,9.6 ,1014.3 ,780.6 ,28 ,52.20 
1367,214.9 ,53.8 ,121.9 ,155.6 ,9.6 ,1014.3 ,780.6 ,56 ,53.96 
1368,214.9 ,53.8 ,121.9 ,155.6 ,9.6 ,1014.3 ,780.6 ,100 ,56.63 
1369,218.9 ,0.0 ,124.1 ,158.5 ,11.3 ,1078.7 ,794.9 ,3 ,15.34 
1370,218.9 ,0.0 ,124.1 ,158.5 ,11.3 ,1078.7 ,794.9 ,14 ,26.05 
1371,218.9 ,0.0 ,124.1 ,158.5 ,11.3 ,1078.7 ,794.9 ,28 ,30.22 
1372,218.9 ,0.0 ,124.1 ,158.5 ,11.3 ,1078.7 ,794.9 ,56 ,37.27 
1373,218.9 ,0.0 ,124.1 ,158.5 ,11.3 ,1078.7 ,794.9 ,100 ,46.23 
1374,376.0 ,0.0 ,0.0 ,214.6 ,0.0 ,1003.5 ,762.4 ,3 ,16.28 
1375,376.0 ,0.0 ,0.0 ,214.6 ,0.0 ,1003.5 ,762.4 ,14 ,25.62 
1376,376.0 ,0.0 ,0.0 ,214.6 ,0.0 ,1003.5 ,762.4 ,28 ,31.97 
1377,376.0 ,0.0 ,0.0 ,214.6 ,0.0 ,1003.5 ,762.4 ,56 ,36.30 
1378,376.0 ,0.0 ,0.0 ,214.6 ,0.0 ,1003.5 ,762.4 ,100 ,43.06 
1379,500.0 ,0.0 ,0.0 ,140.0 ,4.0 ,966.0 ,853.0 ,28 ,67.57 
1380,475.0 ,0.0 ,59.0 ,142.0 ,1.9 ,1098.0 ,641.0 ,28 ,57.23 
1381,315.0 ,137.0 ,0.0 ,145.0 ,5.9 ,1130.0 ,745.0 ,28 ,81.75 
1382,505.0 ,0.0 ,60.0 ,195.0 ,0.0 ,1030.0 ,630.0 ,28 ,64.02 
1383,451.0 ,0.0 ,0.0 ,165.0 ,11.3 ,1030.0 ,745.0 ,28 ,78.80 
1384,516.0 ,0.0 ,0.0 ,162.0 ,8.2 ,801.0 ,802.0 ,28 ,41.37 
1385,520.0 ,0.0 ,0.0 ,170.0 ,5.2 ,855.0 ,855.0 ,28 ,60.28 
1386,528.0 ,0.0 ,0.0 ,185.0 ,6.9 ,920.0 ,720.0 ,28 ,56.83 
1387,520.0 ,0.0 ,0.0 ,175.0 ,5.2 ,870.0 ,805.0 ,28 ,51.02 
1388,385.0 ,0.0 ,136.0 ,158.0 ,20.0 ,903.0 ,768.0 ,28 ,55.55 
1389,500.1 ,0.0 ,0.0 ,200.0 ,3.0 ,1124.4 ,613.2 ,28 ,44.13 
1390,450.1 ,50.0 ,0.0 ,200.0 ,3.0 ,1124.4 ,613.2 ,28 ,39.38 
1391,397.0 ,17.2 ,158.0 ,167.0 ,20.8 ,967.0 ,633.0 ,28 ,55.65 
1392,333.0 ,17.5 ,163.0 ,167.0 ,17.9 ,996.0 ,652.0 ,28 ,47.28 
1393,334.0 ,17.6 ,158.0 ,189.0 ,15.3 ,967.0 ,633.0 ,28 ,44.33 
1394,405.0 ,0.0 ,0.0 ,175.0 ,0.0 ,1120.0 ,695.0 ,28 ,52.30 
1395,200.0 ,200.0 ,0.0 ,190.0 ,0.0 ,1145.0 ,660.0 ,28 ,49.25 
1396,516.0 ,0.0 ,0.0 ,162.0 ,8.3 ,801.0 ,802.0 ,28 ,41.37 
1397,145.0 ,116.0 ,119.0 ,184.0 ,5.7 ,833.0 ,880.0 ,28 ,29.16 
1398,160.0 ,128.0 ,122.0 ,182.0 ,6.4 ,824.0 ,879.0 ,28 ,39.40 
1399,234.0 ,156.0 ,0.0 ,189.0 ,5.9 ,981.0 ,760.0 ,28 ,39.30 
1400,250.0 ,180.0 ,95.0 ,159.0 ,9.5 ,860.0 ,800.0 ,28 ,67.87 
1401,475.0 ,0.0 ,0.0 ,162.0 ,9.5 ,1044.0 ,662.0 ,28 ,58.52 
1402,285.0 ,190.0 ,0.0 ,163.0 ,7.6 ,1031.0 ,685.0 ,28 ,53.58 
1403,356.0 ,119.0 ,0.0 ,160.0 ,9.0 ,1061.0 ,657.0 ,28 ,59.00 
1404,275.0 ,180.0 ,120.0 ,162.0 ,10.4 ,830.0 ,765.0 ,28 ,76.24 
1405,500.0 ,0.0 ,0.0 ,151.0 ,9.0 ,1033.0 ,655.0 ,28 ,69.84 
1406,165.0 ,0.0 ,143.6 ,163.8 ,0.0 ,1005.6 ,900.9 ,3 ,14.40 
1407,165.0 ,128.5 ,132.1 ,175.1 ,8.1 ,1005.8 ,746.6 ,3 ,19.42 
1408,178.0 ,129.8 ,118.6 ,179.9 ,3.6 ,1007.3 ,746.8 ,3 ,20.73 
1409,167.4 ,129.9 ,128.6 ,175.5 ,7.8 ,1006.3 ,746.6 ,3 ,14.94 
1410,172.4 ,13.6 ,172.4 ,156.8 ,4.1 ,1006.3 ,856.4 ,3 ,21.29 
1411,173.5 ,50.1 ,173.5 ,164.8 ,6.5 ,1006.2 ,793.5 ,3 ,23.08 
1412,167.0 ,75.4 ,167.0 ,164.0 ,7.9 ,1007.3 ,770.1 ,3 ,15.52 
1413,173.8 ,93.4 ,159.9 ,172.3 ,9.7 ,1007.2 ,746.6 ,3 ,15.82 
1414,190.3 ,0.0 ,125.2 ,166.6 ,9.9 ,1079.0 ,798.9 ,3 ,12.55 
1415,250.0 ,0.0 ,95.7 ,191.8 ,5.3 ,948.9 ,857.2 ,3 ,8.49 
1416,213.5 ,0.0 ,174.2 ,159.2 ,11.7 ,1043.6 ,771.9 ,3 ,15.61 
1417,194.7 ,0.0 ,100.5 ,170.2 ,7.5 ,998.0 ,901.8 ,3 ,12.18 
1418,251.4 ,0.0 ,118.3 ,192.9 ,5.8 ,1043.6 ,754.3 ,3 ,11.98 
1419,165.0 ,0.0 ,143.6 ,163.8 ,0.0 ,1005.6 ,900.9 ,14 ,16.88 
1420,165.0 ,128.5 ,132.1 ,175.1 ,8.1 ,1005.8 ,746.6 ,14 ,33.09 
1421,178.0 ,129.8 ,118.6 ,179.9 ,3.6 ,1007.3 ,746.8 ,14 ,34.24 
1422,167.4 ,129.9 ,128.6 ,175.5 ,7.8 ,1006.3 ,746.6 ,14 ,31.81 
1423,172.4 ,13.6 ,172.4 ,156.8 ,4.1 ,1006.3 ,856.4 ,14 ,29.75 
1424,173.5 ,50.1 ,173.5 ,164.8 ,6.5 ,1006.2 ,793.5 ,14 ,33.01 
1425,167.0 ,75.4 ,167.0 ,164.0 ,7.9 ,1007.3 ,770.1 ,14 ,32.90 
1426,173.8 ,93.4 ,159.9 ,172.3 ,9.7 ,1007.2 ,746.6 ,14 ,29.55 
1427,190.3 ,0.0 ,125.2 ,166.6 ,9.9 ,1079.0 ,798.9 ,14 ,19.42 
1428,250.0 ,0.0 ,95.7 ,191.8 ,5.3 ,948.9 ,857.2 ,14 ,24.66 
1429,213.5 ,0.0 ,174.2 ,159.2 ,11.7 ,1043.6 ,771.9 ,14 ,29.59 
1430,194.7 ,0.0 ,100.5 ,170.2 ,7.5 ,998.0 ,901.8 ,14 ,24.28 
1431,251.4 ,0.0 ,118.3 ,192.9 ,5.8 ,1043.6 ,754.3 ,14 ,20.73 
1432,165.0 ,0.0 ,143.6 ,163.8 ,0.0 ,1005.6 ,900.9 ,28 ,26.20 
1433,165.0 ,128.5 ,132.1 ,175.1 ,8.1 ,1005.8 ,746.6 ,28 ,46.39 
1434,178.0 ,129.8 ,118.6 ,179.9 ,3.6 ,1007.3 ,746.8 ,28 ,39.16 
1435,167.4 ,129.9 ,128.6 ,175.5 ,7.8 ,1006.3 ,746.6 ,28 ,41.20 
1436,172.4 ,13.6 ,172.4 ,156.8 ,4.1 ,1006.3 ,856.4 ,28 ,33.69 
1437,173.5 ,50.1 ,173.5 ,164.8 ,6.5 ,1006.2 ,793.5 ,28 ,38.20 
1438,167.0 ,75.4 ,167.0 ,164.0 ,7.9 ,1007.3 ,770.1 ,28 ,41.41 
1439,173.8 ,93.4 ,159.9 ,172.3 ,9.7 ,1007.2 ,746.6 ,28 ,37.81 
1440,190.3 ,0.0 ,125.2 ,166.6 ,9.9 ,1079.0 ,798.9 ,28 ,24.85 
1441,250.0 ,0.0 ,95.7 ,191.8 ,5.3 ,948.9 ,857.2 ,28 ,27.22 
1442,213.5 ,0.0 ,174.2 ,159.2 ,11.7 ,1043.6 ,771.9 ,28 ,44.64 
1443,194.7 ,0.0 ,100.5 ,170.2 ,7.5 ,998.0 ,901.8 ,28 ,37.27 
1444,251.4 ,0.0 ,118.3 ,192.9 ,5.8 ,1043.6 ,754.3 ,28 ,33.27 
1445,165.0 ,0.0 ,143.6 ,163.8 ,0.0 ,1005.6 ,900.9 ,56 ,36.56 
1446,165.0 ,128.5 ,132.1 ,175.1 ,8.1 ,1005.8 ,746.6 ,56 ,53.72 
1447,178.0 ,129.8 ,118.6 ,179.9 ,3.6 ,1007.3 ,746.8 ,56 ,48.59 
1448,167.4 ,129.9 ,128.6 ,175.5 ,7.8 ,1006.3 ,746.6 ,56 ,51.72 
1449,172.4 ,13.6 ,172.4 ,156.8 ,4.1 ,1006.3 ,856.4 ,56 ,35.85 
1450,173.5 ,50.1 ,173.5 ,164.8 ,6.5 ,1006.2 ,793.5 ,56 ,53.77 
1451,167.0 ,75.4 ,167.0 ,164.0 ,7.9 ,1007.3 ,770.1 ,56 ,53.46 
1452,173.8 ,93.4 ,159.9 ,172.3 ,9.7 ,1007.2 ,746.6 ,56 ,48.99 
1453,190.3 ,0.0 ,125.2 ,166.6 ,9.9 ,1079.0 ,798.9 ,56 ,31.72 
1454,250.0 ,0.0 ,95.7 ,191.8 ,5.3 ,948.9 ,857.2 ,56 ,39.64 
1455,213.5 ,0.0 ,174.2 ,159.2 ,11.7 ,1043.6 ,771.9 ,56 ,51.26 
1456,194.7 ,0.0 ,100.5 ,170.2 ,7.5 ,998.0 ,901.8 ,56 ,43.39 
1457,251.4 ,0.0 ,118.3 ,192.9 ,5.8 ,1043.6 ,754.3 ,56 ,39.27 
1458,165.0 ,0.0 ,143.6 ,163.8 ,0.0 ,1005.6 ,900.9 ,100 ,37.96 
1459,165.0 ,128.5 ,132.1 ,175.1 ,8.1 ,1005.8 ,746.6 ,100 ,55.02 
1460,178.0 ,129.8 ,118.6 ,179.9 ,3.6 ,1007.3 ,746.8 ,100 ,49.99 
1461,167.4 ,129.9 ,128.6 ,175.5 ,7.8 ,1006.3 ,746.6 ,100 ,53.66 
1462,172.4 ,13.6 ,172.4 ,156.8 ,4.1 ,1006.3 ,856.4 ,100 ,37.68 
1463,173.5 ,50.1 ,173.5 ,164.8 ,6.5 ,1006.2 ,793.5 ,100 ,56.06 
1464,167.0 ,75.4 ,167.0 ,164.0 ,7.9 ,1007.3 ,770.1 ,100 ,56.81 
1465,173.8 ,93.4 ,159.9 ,172.3 ,9.7 ,1007.2 ,746.6 ,100 ,50.94 
1466,190.3 ,0.0 ,125.2 ,166.6 ,9.9 ,1079.0 ,798.9 ,100 ,33.56 
1467,250.0 ,0.0 ,95.7 ,191.8 ,5.3 ,948.9 ,857.2 ,100 ,41.16 
1468,213.5 ,0.0 ,174.2 ,159.2 ,11.7 ,1043.6 ,771.9 ,100 ,52.96 
1469,194.7 ,0.0 ,100.5 ,170.2 ,7.5 ,998.0 ,901.8 ,100 ,44.28 
1470,251.4 ,0.0 ,118.3 ,192.9 ,5.8 ,1043.6 ,754.3 ,100 ,40.15 
1471,446.0 ,24.0 ,79.0 ,162.0 ,11.6 ,967.0 ,712.0 ,28 ,57.03 
1472,446.0 ,24.0 ,79.0 ,162.0 ,11.6 ,967.0 ,712.0 ,28 ,44.42 
1473,446.0 ,24.0 ,79.0 ,162.0 ,11.6 ,967.0 ,712.0 ,28 ,51.02 
1474,446.0 ,24.0 ,79.0 ,162.0 ,10.3 ,967.0 ,712.0 ,28 ,53.39 
1475,446.0 ,24.0 ,79.0 ,162.0 ,11.6 ,967.0 ,712.0 ,3 ,35.36 
1476,446.0 ,24.0 ,79.0 ,162.0 ,11.6 ,967.0 ,712.0 ,3 ,25.02 
1477,446.0 ,24.0 ,79.0 ,162.0 ,11.6 ,967.0 ,712.0 ,3 ,23.35 
1478,446.0 ,24.0 ,79.0 ,162.0 ,11.6 ,967.0 ,712.0 ,7 ,52.01 
1479,446.0 ,24.0 ,79.0 ,162.0 ,11.6 ,967.0 ,712.0 ,7 ,38.02 
1480,446.0 ,24.0 ,79.0 ,162.0 ,11.6 ,967.0 ,712.0 ,7 ,39.30 
1481,446.0 ,24.0 ,79.0 ,162.0 ,11.6 ,967.0 ,712.0 ,56 ,61.07 
1482,446.0 ,24.0 ,79.0 ,162.0 ,11.6 ,967.0 ,712.0 ,56 ,56.14 
1483,446.0 ,24.0 ,79.0 ,162.0 ,11.6 ,967.0 ,712.0 ,56 ,55.25 
1484,446.0 ,24.0 ,79.0 ,162.0 ,10.3 ,967.0 ,712.0 ,56 ,54.77 
1485,387.0 ,20.0 ,94.0 ,157.0 ,14.3 ,938.0 ,845.0 ,28 ,50.24 
1486,387.0 ,20.0 ,94.0 ,157.0 ,13.9 ,938.0 ,845.0 ,28 ,46.68 
1487,387.0 ,20.0 ,94.0 ,157.0 ,11.6 ,938.0 ,845.0 ,28 ,46.68 
1488,387.0 ,20.0 ,94.0 ,157.0 ,14.3 ,938.0 ,845.0 ,3 ,22.75 
1489,387.0 ,20.0 ,94.0 ,157.0 ,13.9 ,938.0 ,845.0 ,3 ,25.51 
1490,387.0 ,20.0 ,94.0 ,157.0 ,11.6 ,938.0 ,845.0 ,3 ,34.77 
1491,387.0 ,20.0 ,94.0 ,157.0 ,14.3 ,938.0 ,845.0 ,7 ,36.84 
1492,387.0 ,20.0 ,94.0 ,157.0 ,13.9 ,938.0 ,845.0 ,7 ,45.90 
1493,387.0 ,20.0 ,94.0 ,157.0 ,11.6 ,938.0 ,845.0 ,7 ,41.67 
1494,387.0 ,20.0 ,94.0 ,157.0 ,14.3 ,938.0 ,845.0 ,56 ,56.34 
1495,387.0 ,20.0 ,94.0 ,157.0 ,13.9 ,938.0 ,845.0 ,56 ,47.97 
1496,387.0 ,20.0 ,94.0 ,157.0 ,11.6 ,938.0 ,845.0 ,56 ,61.46 
1497,355.0 ,19.0 ,97.0 ,145.0 ,13.1 ,967.0 ,871.0 ,28 ,44.03 
1498,355.0 ,19.0 ,97.0 ,145.0 ,12.3 ,967.0 ,871.0 ,28 ,55.45 
1499,491.0 ,26.0 ,123.0 ,210.0 ,3.9 ,882.0 ,699.0 ,28 ,55.55 
1500,491.0 ,26.0 ,123.0 ,201.0 ,3.9 ,822.0 ,699.0 ,28 ,57.92 
1501,491.0 ,26.0 ,123.0 ,210.0 ,3.9 ,882.0 ,699.0 ,3 ,25.61 
1502,491.0 ,26.0 ,123.0 ,210.0 ,3.9 ,882.0 ,699.0 ,7 ,33.49 
1503,491.0 ,26.0 ,123.0 ,210.0 ,3.9 ,882.0 ,699.0 ,56 ,59.59 
1504,491.0 ,26.0 ,123.0 ,201.0 ,3.9 ,822.0 ,699.0 ,3 ,29.55 
1505,491.0 ,26.0 ,123.0 ,201.0 ,3.9 ,822.0 ,699.0 ,7 ,37.92 
1506,491.0 ,26.0 ,123.0 ,201.0 ,3.9 ,822.0 ,699.0 ,56 ,61.86 
1507,424.0 ,22.0 ,132.0 ,178.0 ,8.5 ,822.0 ,750.0 ,28 ,62.05 
1508,424.0 ,22.0 ,132.0 ,178.0 ,8.5 ,882.0 ,750.0 ,3 ,32.01 
1509,424.0 ,22.0 ,132.0 ,168.0 ,8.9 ,822.0 ,750.0 ,28 ,72.10 
1510,424.0 ,22.0 ,132.0 ,178.0 ,8.5 ,822.0 ,750.0 ,7 ,39.00 
1511,424.0 ,22.0 ,132.0 ,178.0 ,8.5 ,822.0 ,750.0 ,56 ,65.70 
1512,424.0 ,22.0 ,132.0 ,168.0 ,8.9 ,822.0 ,750.0 ,3 ,32.11 
1513,424.0 ,22.0 ,132.0 ,168.0 ,8.9 ,822.0 ,750.0 ,7 ,40.29 
1514,424.0 ,22.0 ,132.0 ,168.0 ,8.9 ,822.0 ,750.0 ,56 ,74.36 
1515,202.0 ,11.0 ,141.0 ,206.0 ,1.7 ,942.0 ,801.0 ,28 ,21.97 
1516,202.0 ,11.0 ,141.0 ,206.0 ,1.7 ,942.0 ,801.0 ,3 ,9.85 
1517,202.0 ,11.0 ,141.0 ,206.0 ,1.7 ,942.0 ,801.0 ,7 ,15.07 
1518,202.0 ,11.0 ,141.0 ,206.0 ,1.7 ,942.0 ,801.0 ,56 ,23.25 
1519,284.0 ,15.0 ,141.0 ,179.0 ,5.5 ,842.0 ,801.0 ,28 ,43.73 
1520,284.0 ,15.0 ,141.0 ,179.0 ,5.5 ,842.0 ,801.0 ,3 ,13.40 
1521,284.0 ,15.0 ,141.0 ,179.0 ,5.5 ,842.0 ,801.0 ,7 ,24.13 
1522,284.0 ,15.0 ,141.0 ,179.0 ,5.5 ,842.0 ,801.0 ,56 ,44.52 
1523,359.0 ,19.0 ,141.0 ,154.0 ,10.9 ,942.0 ,801.0 ,28 ,62.94 
1524,359.0 ,19.0 ,141.0 ,154.0 ,10.9 ,942.0 ,801.0 ,28 ,59.49 
1525,359.0 ,19.0 ,141.0 ,154.0 ,10.9 ,942.0 ,801.0 ,3 ,25.12 
1526,359.0 ,19.0 ,141.0 ,154.0 ,10.9 ,942.0 ,801.0 ,3 ,23.64 
1527,359.0 ,19.0 ,141.0 ,154.0 ,10.9 ,942.0 ,801.0 ,7 ,35.75 
1528,359.0 ,19.0 ,141.0 ,154.0 ,10.9 ,942.0 ,801.0 ,7 ,38.61 
1529,359.0 ,19.0 ,141.0 ,154.0 ,10.9 ,942.0 ,801.0 ,56 ,68.75 
1530,359.0 ,19.0 ,141.0 ,154.0 ,10.9 ,942.0 ,801.0 ,56 ,66.78 
1531,436.0 ,0.0 ,0.0 ,218.0 ,0.0 ,838.4 ,719.7 ,28 ,23.85 
1532,289.0 ,0.0 ,0.0 ,192.0 ,0.0 ,913.2 ,895.3 ,90 ,32.07 
1533,289.0 ,0.0 ,0.0 ,192.0 ,0.0 ,913.2 ,895.3 ,3 ,11.65 
1534,393.0 ,0.0 ,0.0 ,192.0 ,0.0 ,940.6 ,785.6 ,3 ,19.20 
1535,393.0 ,0.0 ,0.0 ,192.0 ,0.0 ,940.6 ,785.6 ,90 ,48.85 
1536,393.0 ,0.0 ,0.0 ,192.0 ,0.0 ,940.6 ,785.6 ,28 ,39.60 
1537,480.0 ,0.0 ,0.0 ,192.0 ,0.0 ,936.2 ,712.2 ,28 ,43.94 
1538,480.0 ,0.0 ,0.0 ,192.0 ,0.0 ,936.2 ,712.2 ,7 ,34.57 
1539,480.0 ,0.0 ,0.0 ,192.0 ,0.0 ,936.2 ,712.2 ,90 ,54.32 
1540,480.0 ,0.0 ,0.0 ,192.0 ,0.0 ,936.2 ,712.2 ,3 ,24.40 
1541,333.0 ,0.0 ,0.0 ,192.0 ,0.0 ,931.2 ,842.6 ,3 ,15.62 
1542,255.0 ,0.0 ,0.0 ,192.0 ,0.0 ,889.8 ,945.0 ,90 ,21.86 
1543,255.0 ,0.0 ,0.0 ,192.0 ,0.0 ,889.8 ,945.0 ,7 ,10.22 
1544,289.0 ,0.0 ,0.0 ,192.0 ,0.0 ,913.2 ,895.3 ,7 ,14.60 
1545,255.0 ,0.0 ,0.0 ,192.0 ,0.0 ,889.8 ,945.0 ,28 ,18.75 
1546,333.0 ,0.0 ,0.0 ,192.0 ,0.0 ,931.2 ,842.6 ,28 ,31.97 
1547,333.0 ,0.0 ,0.0 ,192.0 ,0.0 ,931.2 ,842.6 ,7 ,23.40 
1548,289.0 ,0.0 ,0.0 ,192.0 ,0.0 ,913.2 ,895.3 ,28 ,25.57 
1549,333.0 ,0.0 ,0.0 ,192.0 ,0.0 ,931.2 ,842.6 ,90 ,41.68 
1550,393.0 ,0.0 ,0.0 ,192.0 ,0.0 ,940.6 ,785.6 ,7 ,27.74 
1551,255.0 ,0.0 ,0.0 ,192.0 ,0.0 ,889.8 ,945.0 ,3 ,8.20 
1552,158.8 ,238.2 ,0.0 ,185.7 ,0.0 ,1040.6 ,734.3 ,7 ,9.62 
1553,239.6 ,359.4 ,0.0 ,185.7 ,0.0 ,941.6 ,664.3 ,7 ,25.42 
1554,238.2 ,158.8 ,0.0 ,185.7 ,0.0 ,1040.6 ,734.3 ,7 ,15.69 
1555,181.9 ,272.8 ,0.0 ,185.7 ,0.0 ,1012.4 ,714.3 ,28 ,27.94 
1556,193.5 ,290.2 ,0.0 ,185.7 ,0.0 ,998.2 ,704.3 ,28 ,32.63 
1557,255.5 ,170.3 ,0.0 ,185.7 ,0.0 ,1026.6 ,724.3 ,7 ,17.24 
1558,272.8 ,181.9 ,0.0 ,185.7 ,0.0 ,1012.4 ,714.3 ,7 ,19.77 
1559,239.6 ,359.4 ,0.0 ,185.7 ,0.0 ,941.6 ,664.3 ,28 ,39.44 
1560,220.8 ,147.2 ,0.0 ,185.7 ,0.0 ,1055.0 ,744.3 ,28 ,25.75 
1561,397.0 ,0.0 ,0.0 ,185.7 ,0.0 ,1040.6 ,734.3 ,28 ,33.08 
1562,382.5 ,0.0 ,0.0 ,185.7 ,0.0 ,1047.8 ,739.3 ,7 ,24.07 
1563,210.7 ,316.1 ,0.0 ,185.7 ,0.0 ,977.0 ,689.3 ,7 ,21.82 
1564,158.8 ,238.2 ,0.0 ,185.7 ,0.0 ,1040.6 ,734.3 ,28 ,21.07 
1565,295.8 ,0.0 ,0.0 ,185.7 ,0.0 ,1091.4 ,769.3 ,7 ,14.84 
1566,255.5 ,170.3 ,0.0 ,185.7 ,0.0 ,1026.6 ,724.3 ,28 ,32.05 
1567,203.5 ,135.7 ,0.0 ,185.7 ,0.0 ,1076.2 ,759.3 ,7 ,11.96 
1568,397.0 ,0.0 ,0.0 ,185.7 ,0.0 ,1040.6 ,734.3 ,7 ,25.45 
1569,381.4 ,0.0 ,0.0 ,185.7 ,0.0 ,1104.6 ,784.3 ,28 ,22.49 
1570,295.8 ,0.0 ,0.0 ,185.7 ,0.0 ,1091.4 ,769.3 ,28 ,25.22 
1571,228.0 ,342.1 ,0.0 ,185.7 ,0.0 ,955.8 ,674.3 ,28 ,39.70 
1572,220.8 ,147.2 ,0.0 ,185.7 ,0.0 ,1055.0 ,744.3 ,7 ,13.09 
1573,316.1 ,210.7 ,0.0 ,185.7 ,0.0 ,977.0 ,689.3 ,28 ,38.70 
1574,135.7 ,203.5 ,0.0 ,185.7 ,0.0 ,1076.2 ,759.3 ,7 ,7.51 
1575,238.1 ,0.0 ,0.0 ,185.7 ,0.0 ,1118.8 ,789.3 ,28 ,17.58 
1576,339.2 ,0.0 ,0.0 ,185.7 ,0.0 ,1069.2 ,754.3 ,7 ,21.18 
1577,135.7 ,203.5 ,0.0 ,185.7 ,0.0 ,1076.2 ,759.3 ,28 ,18.20 
1578,193.5 ,290.2 ,0.0 ,185.7 ,0.0 ,998.2 ,704.3 ,7 ,17.20 
1579,203.5 ,135.7 ,0.0 ,185.7 ,0.0 ,1076.2 ,759.3 ,28 ,22.63 
1580,290.2 ,193.5 ,0.0 ,185.7 ,0.0 ,998.2 ,704.3 ,7 ,21.86 
1581,181.9 ,272.8 ,0.0 ,185.7 ,0.0 ,1012.4 ,714.3 ,7 ,12.37 
1582,170.3 ,155.5 ,0.0 ,185.7 ,0.0 ,1026.6 ,724.3 ,28 ,25.73 
1583,210.7 ,316.1 ,0.0 ,185.7 ,0.0 ,977.0 ,689.3 ,28 ,37.81 
1584,228.0 ,342.1 ,0.0 ,185.7 ,0.0 ,955.8 ,674.3 ,7 ,21.92 
1585,290.2 ,193.5 ,0.0 ,185.7 ,0.0 ,998.2 ,704.3 ,28 ,33.04 
1586,381.4 ,0.0 ,0.0 ,185.7 ,0.0 ,1104.6 ,784.3 ,7 ,14.54 
1587,238.2 ,158.8 ,0.0 ,185.7 ,0.0 ,1040.6 ,734.3 ,28 ,26.91 
1588,186.2 ,124.1 ,0.0 ,185.7 ,0.0 ,1083.4 ,764.3 ,7 ,8.00 
1589,339.2 ,0.0 ,0.0 ,185.7 ,0.0 ,1069.2 ,754.3 ,28 ,31.90 
1590,238.1 ,0.0 ,0.0 ,185.7 ,0.0 ,1118.8 ,789.3 ,7 ,10.34 
1591,252.5 ,0.0 ,0.0 ,185.7 ,0.0 ,1111.6 ,784.3 ,28 ,19.77 
1592,382.5 ,0.0 ,0.0 ,185.7 ,0.0 ,1047.8 ,739.3 ,28 ,37.44 
1593,252.5 ,0.0 ,0.0 ,185.7 ,0.0 ,1111.6 ,784.3 ,7 ,11.48 
1594,316.1 ,210.7 ,0.0 ,185.7 ,0.0 ,977.0 ,689.3 ,7 ,24.44 
1595,186.2 ,124.1 ,0.0 ,185.7 ,0.0 ,1083.4 ,764.3 ,28 ,17.60 
1596,170.3 ,155.5 ,0.0 ,185.7 ,0.0 ,1026.6 ,724.3 ,7 ,10.73 
1597,272.8 ,181.9 ,0.0 ,185.7 ,0.0 ,1012.4 ,714.3 ,28 ,31.38 
1598,339.0 ,0.0 ,0.0 ,197.0 ,0.0 ,968.0 ,781.0 ,3 ,13.22 
1599,339.0 ,0.0 ,0.0 ,197.0 ,0.0 ,968.0 ,781.0 ,7 ,20.97 
1600,339.0 ,0.0 ,0.0 ,197.0 ,0.0 ,968.0 ,781.0 ,14 ,27.04 
1601,339.0 ,0.0 ,0.0 ,197.0 ,0.0 ,968.0 ,781.0 ,28 ,32.04 
1602,339.0 ,0.0 ,0.0 ,197.0 ,0.0 ,968.0 ,781.0 ,90 ,35.17 
1603,339.0 ,0.0 ,0.0 ,197.0 ,0.0 ,968.0 ,781.0 ,180 ,36.45 
1604,339.0 ,0.0 ,0.0 ,197.0 ,0.0 ,968.0 ,781.0 ,365 ,38.89 
1605,236.0 ,0.0 ,0.0 ,194.0 ,0.0 ,968.0 ,885.0 ,3 ,6.47 
1606,236.0 ,0.0 ,0.0 ,194.0 ,0.0 ,968.0 ,885.0 ,14 ,12.84 
1607,236.0 ,0.0 ,0.0 ,194.0 ,0.0 ,968.0 ,885.0 ,28 ,18.42 
1608,236.0 ,0.0 ,0.0 ,194.0 ,0.0 ,968.0 ,885.0 ,90 ,21.95 
1609,236.0 ,0.0 ,0.0 ,193.0 ,0.0 ,968.0 ,885.0 ,180 ,24.10 
1610,236.0 ,0.0 ,0.0 ,193.0 ,0.0 ,968.0 ,885.0 ,365 ,25.08 
1611,277.0 ,0.0 ,0.0 ,191.0 ,0.0 ,968.0 ,856.0 ,14 ,21.26 
1612,277.0 ,0.0 ,0.0 ,191.0 ,0.0 ,968.0 ,856.0 ,28 ,25.97 
1613,277.0 ,0.0 ,0.0 ,191.0 ,0.0 ,968.0 ,856.0 ,3 ,11.36 
1614,277.0 ,0.0 ,0.0 ,191.0 ,0.0 ,968.0 ,856.0 ,90 ,31.25 
1615,277.0 ,0.0 ,0.0 ,191.0 ,0.0 ,968.0 ,856.0 ,180 ,32.33 
1616,277.0 ,0.0 ,0.0 ,191.0 ,0.0 ,968.0 ,856.0 ,360 ,33.70 
1617,254.0 ,0.0 ,0.0 ,198.0 ,0.0 ,968.0 ,863.0 ,3 ,9.31 
1618,254.0 ,0.0 ,0.0 ,198.0 ,0.0 ,968.0 ,863.0 ,90 ,26.94 
1619,254.0 ,0.0 ,0.0 ,198.0 ,0.0 ,968.0 ,863.0 ,180 ,27.63 
1620,254.0 ,0.0 ,0.0 ,198.0 ,0.0 ,968.0 ,863.0 ,365 ,29.79 
1621,307.0 ,0.0 ,0.0 ,193.0 ,0.0 ,968.0 ,812.0 ,180 ,34.49 
1622,307.0 ,0.0 ,0.0 ,193.0 ,0.0 ,968.0 ,812.0 ,365 ,36.15 
1623,307.0 ,0.0 ,0.0 ,193.0 ,0.0 ,968.0 ,812.0 ,3 ,12.54 
1624,307.0 ,0.0 ,0.0 ,193.0 ,0.0 ,968.0 ,812.0 ,28 ,27.53 
1625,307.0 ,0.0 ,0.0 ,193.0 ,0.0 ,968.0 ,812.0 ,90 ,32.92 
1626,236.0 ,0.0 ,0.0 ,193.0 ,0.0 ,968.0 ,885.0 ,7 ,9.99 
1627,200.0 ,0.0 ,0.0 ,180.0 ,0.0 ,1125.0 ,845.0 ,7 ,7.84 
1628,200.0 ,0.0 ,0.0 ,180.0 ,0.0 ,1125.0 ,845.0 ,28 ,12.25 
1629,225.0 ,0.0 ,0.0 ,181.0 ,0.0 ,1113.0 ,833.0 ,7 ,11.17 
1630,225.0 ,0.0 ,0.0 ,181.0 ,0.0 ,1113.0 ,833.0 ,28 ,17.34 
1631,325.0 ,0.0 ,0.0 ,184.0 ,0.0 ,1063.0 ,783.0 ,7 ,17.54 
1632,325.0 ,0.0 ,0.0 ,184.0 ,0.0 ,1063.0 ,783.0 ,28 ,30.57 
1633,275.0 ,0.0 ,0.0 ,183.0 ,0.0 ,1088.0 ,808.0 ,7 ,14.20 
1634,275.0 ,0.0 ,0.0 ,183.0 ,0.0 ,1088.0 ,808.0 ,28 ,24.50 
1635,300.0 ,0.0 ,0.0 ,184.0 ,0.0 ,1075.0 ,795.0 ,7 ,15.58 
1636,300.0 ,0.0 ,0.0 ,184.0 ,0.0 ,1075.0 ,795.0 ,28 ,26.85 
1637,375.0 ,0.0 ,0.0 ,186.0 ,0.0 ,1038.0 ,758.0 ,7 ,26.06 
1638,375.0 ,0.0 ,0.0 ,186.0 ,0.0 ,1038.0 ,758.0 ,28 ,38.21 
1639,400.0 ,0.0 ,0.0 ,187.0 ,0.0 ,1025.0 ,745.0 ,28 ,43.70 
1640,400.0 ,0.0 ,0.0 ,187.0 ,0.0 ,1025.0 ,745.0 ,7 ,30.14 
1641,250.0 ,0.0 ,0.0 ,182.0 ,0.0 ,1100.0 ,820.0 ,7 ,12.73 
1642,250.0 ,0.0 ,0.0 ,182.0 ,0.0 ,1100.0 ,820.0 ,28 ,20.87 
1643,350.0 ,0.0 ,0.0 ,186.0 ,0.0 ,1050.0 ,770.0 ,7 ,20.28 
1644,350.0 ,0.0 ,0.0 ,186.0 ,0.0 ,1050.0 ,770.0 ,28 ,34.29 
1645,203.5 ,305.3 ,0.0 ,203.5 ,0.0 ,963.4 ,630.0 ,7 ,19.54 
1646,250.2 ,166.8 ,0.0 ,203.5 ,0.0 ,977.6 ,694.1 ,90 ,47.71 
1647,157.0 ,236.0 ,0.0 ,192.0 ,0.0 ,935.4 ,781.2 ,90 ,43.38 
1648,141.3 ,212.0 ,0.0 ,203.5 ,0.0 ,971.8 ,748.5 ,28 ,29.89 
1649,166.8 ,250.2 ,0.0 ,203.5 ,0.0 ,975.6 ,692.6 ,3 ,6.90 
1650,122.6 ,183.9 ,0.0 ,203.5 ,0.0 ,958.2 ,800.1 ,90 ,33.19 
1651,183.9 ,122.6 ,0.0 ,203.5 ,0.0 ,959.2 ,800.0 ,3 ,4.90 
1652,102.0 ,153.0 ,0.0 ,192.0 ,0.0 ,887.0 ,942.0 ,3 ,4.57 
1653,102.0 ,153.0 ,0.0 ,192.0 ,0.0 ,887.0 ,942.0 ,90 ,25.46 
1654,122.6 ,183.9 ,0.0 ,203.5 ,0.0 ,958.2 ,800.1 ,28 ,24.29 
1655,166.8 ,250.2 ,0.0 ,203.5 ,0.0 ,975.6 ,692.6 ,28 ,33.95 
1656,200.0 ,133.0 ,0.0 ,192.0 ,0.0 ,965.4 ,806.2 ,3 ,11.41 
1657,108.3 ,162.4 ,0.0 ,203.5 ,0.0 ,938.2 ,849.0 ,28 ,20.59 
1658,305.3 ,203.5 ,0.0 ,203.5 ,0.0 ,965.4 ,631.0 ,7 ,25.89 
1659,108.3 ,162.4 ,0.0 ,203.5 ,0.0 ,938.2 ,849.0 ,90 ,29.23 
1660,116.0 ,173.0 ,0.0 ,192.0 ,0.0 ,909.8 ,891.9 ,90 ,31.02 
1661,141.3 ,212.0 ,0.0 ,203.5 ,0.0 ,971.8 ,748.5 ,7 ,10.39 
1662,157.0 ,236.0 ,0.0 ,192.0 ,0.0 ,935.4 ,781.2 ,28 ,33.66 
1663,133.0 ,200.0 ,0.0 ,192.0 ,0.0 ,927.4 ,839.2 ,28 ,27.87 
1664,250.2 ,166.8 ,0.0 ,203.5 ,0.0 ,977.6 ,694.1 ,7 ,19.35 
1665,173.0 ,116.0 ,0.0 ,192.0 ,0.0 ,946.8 ,856.8 ,7 ,11.39 
1666,192.0 ,288.0 ,0.0 ,192.0 ,0.0 ,929.8 ,716.1 ,3 ,12.79 
1667,192.0 ,288.0 ,0.0 ,192.0 ,0.0 ,929.8 ,716.1 ,28 ,39.32 
1668,153.0 ,102.0 ,0.0 ,192.0 ,0.0 ,888.0 ,943.1 ,3 ,4.78 
1669,288.0 ,192.0 ,0.0 ,192.0 ,0.0 ,932.0 ,717.8 ,3 ,16.11 
1670,305.3 ,203.5 ,0.0 ,203.5 ,0.0 ,965.4 ,631.0 ,28 ,43.38 
1671,236.0 ,157.0 ,0.0 ,192.0 ,0.0 ,972.6 ,749.1 ,7 ,20.42 
1672,173.0 ,116.0 ,0.0 ,192.0 ,0.0 ,946.8 ,856.8 ,3 ,6.94 
1673,212.0 ,141.3 ,0.0 ,203.5 ,0.0 ,973.4 ,750.0 ,7 ,15.03 
1674,236.0 ,157.0 ,0.0 ,192.0 ,0.0 ,972.6 ,749.1 ,3 ,13.57 
1675,183.9 ,122.6 ,0.0 ,203.5 ,0.0 ,959.2 ,800.0 ,90 ,32.53 
1676,166.8 ,250.2 ,0.0 ,203.5 ,0.0 ,975.6 ,692.6 ,7 ,15.75 
1677,102.0 ,153.0 ,0.0 ,192.0 ,0.0 ,887.0 ,942.0 ,7 ,7.68 
1678,288.0 ,192.0 ,0.0 ,192.0 ,0.0 ,932.0 ,717.8 ,28 ,38.80 
1679,212.0 ,141.3 ,0.0 ,203.5 ,0.0 ,973.4 ,750.0 ,28 ,33.00 
1680,102.0 ,153.0 ,0.0 ,192.0 ,0.0 ,887.0 ,942.0 ,28 ,17.28 
1681,173.0 ,116.0 ,0.0 ,192.0 ,0.0 ,946.8 ,856.8 ,28 ,24.28 
1682,183.9 ,122.6 ,0.0 ,203.5 ,0.0 ,959.2 ,800.0 ,28 ,24.05 
1683,133.0 ,200.0 ,0.0 ,192.0 ,0.0 ,927.4 ,839.2 ,90 ,36.59 
1684,192.0 ,288.0 ,0.0 ,192.0 ,0.0 ,929.8 ,716.1 ,90 ,50.73 
1685,133.0 ,200.0 ,0.0 ,192.0 ,0.0 ,927.4 ,839.2 ,7 ,13.66 
1686,305.3 ,203.5 ,0.0 ,203.5 ,0.0 ,965.4 ,631.0 ,3 ,14.14 
1687,236.0 ,157.0 ,0.0 ,192.0 ,0.0 ,972.6 ,749.1 ,90 ,47.78 
1688,108.3 ,162.4 ,0.0 ,203.5 ,0.0 ,938.2 ,849.0 ,3 ,2.33 
1689,157.0 ,236.0 ,0.0 ,192.0 ,0.0 ,935.4 ,781.2 ,7 ,16.89 
1690,288.0 ,192.0 ,0.0 ,192.0 ,0.0 ,932.0 ,717.8 ,7 ,23.52 
1691,212.0 ,141.3 ,0.0 ,203.5 ,0.0 ,973.4 ,750.0 ,3 ,6.81 
1692,212.0 ,141.3 ,0.0 ,203.5 ,0.0 ,973.4 ,750.0 ,90 ,39.70 
1693,153.0 ,102.0 ,0.0 ,192.0 ,0.0 ,888.0 ,943.1 ,28 ,17.96 
1694,236.0 ,157.0 ,0.0 ,192.0 ,0.0 ,972.6 ,749.1 ,28 ,32.88 
1695,116.0 ,173.0 ,0.0 ,192.0 ,0.0 ,909.8 ,891.9 ,28 ,22.35 
1696,183.9 ,122.6 ,0.0 ,203.5 ,0.0 ,959.2 ,800.0 ,7 ,10.79 
1697,108.3 ,162.4 ,0.0 ,203.5 ,0.0 ,938.2 ,849.0 ,7 ,7.72 
1698,203.5 ,305.3 ,0.0 ,203.5 ,0.0 ,963.4 ,630.0 ,28 ,41.68 
1699,203.5 ,305.3 ,0.0 ,203.5 ,0.0 ,963.4 ,630.0 ,3 ,9.56 
1700,133.0 ,200.0 ,0.0 ,192.0 ,0.0 ,927.4 ,839.2 ,3 ,6.88 
1701,288.0 ,192.0 ,0.0 ,192.0 ,0.0 ,932.0 ,717.8 ,90 ,50.53 
1702,200.0 ,133.0 ,0.0 ,192.0 ,0.0 ,965.4 ,806.2 ,7 ,17.17 
1703,200.0 ,133.0 ,0.0 ,192.0 ,0.0 ,965.4 ,806.2 ,28 ,30.44 
1704,250.2 ,166.8 ,0.0 ,203.5 ,0.0 ,977.6 ,694.1 ,3 ,9.73 
1705,122.6 ,183.9 ,0.0 ,203.5 ,0.0 ,958.2 ,800.1 ,3 ,3.32 
1706,153.0 ,102.0 ,0.0 ,192.0 ,0.0 ,888.0 ,943.1 ,90 ,26.32 
1707,200.0 ,133.0 ,0.0 ,192.0 ,0.0 ,965.4 ,806.2 ,90 ,43.25 
1708,116.0 ,173.0 ,0.0 ,192.0 ,0.0 ,909.8 ,891.9 ,3 ,6.28 
1709,173.0 ,116.0 ,0.0 ,192.0 ,0.0 ,946.8 ,856.8 ,90 ,32.10 
1710,250.2 ,166.8 ,0.0 ,203.5 ,0.0 ,977.6 ,694.1 ,28 ,36.96 
1711,305.3 ,203.5 ,0.0 ,203.5 ,0.0 ,965.4 ,631.0 ,90 ,54.60 
1712,192.0 ,288.0 ,0.0 ,192.0 ,0.0 ,929.8 ,716.1 ,7 ,21.48 
1713,157.0 ,236.0 ,0.0 ,192.0 ,0.0 ,935.4 ,781.2 ,3 ,9.69 
1714,153.0 ,102.0 ,0.0 ,192.0 ,0.0 ,888.0 ,943.1 ,7 ,8.37 
1715,141.3 ,212.0 ,0.0 ,203.5 ,0.0 ,971.8 ,748.5 ,90 ,39.66 
1716,116.0 ,173.0 ,0.0 ,192.0 ,0.0 ,909.8 ,891.9 ,7 ,10.09 
1717,141.3 ,212.0 ,0.0 ,203.5 ,0.0 ,971.8 ,748.5 ,3 ,4.83 
1718,122.6 ,183.9 ,0.0 ,203.5 ,0.0 ,958.2 ,800.1 ,7 ,10.35 
1719,166.8 ,250.2 ,0.0 ,203.5 ,0.0 ,975.6 ,692.6 ,90 ,43.57 
1720,203.5 ,305.3 ,0.0 ,203.5 ,0.0 ,963.4 ,630.0 ,90 ,51.86 
1721,310.0 ,0.0 ,0.0 ,192.0 ,0.0 ,1012.0 ,830.0 ,3 ,11.85 
1722,310.0 ,0.0 ,0.0 ,192.0 ,0.0 ,1012.0 ,830.0 ,7 ,17.24 
1723,310.0 ,0.0 ,0.0 ,192.0 ,0.0 ,1012.0 ,830.0 ,28 ,27.83 
1724,310.0 ,0.0 ,0.0 ,192.0 ,0.0 ,1012.0 ,830.0 ,90 ,35.76 
1725,310.0 ,0.0 ,0.0 ,192.0 ,0.0 ,1012.0 ,830.0 ,120 ,38.70 
1726,331.0 ,0.0 ,0.0 ,192.0 ,0.0 ,1025.0 ,821.0 ,3 ,14.31 
1727,331.0 ,0.0 ,0.0 ,192.0 ,0.0 ,1025.0 ,821.0 ,7 ,17.44 
1728,331.0 ,0.0 ,0.0 ,192.0 ,0.0 ,1025.0 ,821.0 ,28 ,31.74 
1729,331.0 ,0.0 ,0.0 ,192.0 ,0.0 ,1025.0 ,821.0 ,90 ,37.91 
1730,331.0 ,0.0 ,0.0 ,192.0 ,0.0 ,1025.0 ,821.0 ,120 ,39.38 
1731,349.0 ,0.0 ,0.0 ,192.0 ,0.0 ,1056.0 ,809.0 ,3 ,15.87 
1732,349.0 ,0.0 ,0.0 ,192.0 ,0.0 ,1056.0 ,809.0 ,7 ,9.01 
1733,349.0 ,0.0 ,0.0 ,192.0 ,0.0 ,1056.0 ,809.0 ,28 ,33.61 
1734,349.0 ,0.0 ,0.0 ,192.0 ,0.0 ,1056.0 ,809.0 ,90 ,40.66 
1735,349.0 ,0.0 ,0.0 ,192.0 ,0.0 ,1056.0 ,809.0 ,120 ,40.86 
1736,238.0 ,0.0 ,0.0 ,186.0 ,0.0 ,1119.0 ,789.0 ,7 ,12.05 
1737,238.0 ,0.0 ,0.0 ,186.0 ,0.0 ,1119.0 ,789.0 ,28 ,17.54 
1738,296.0 ,0.0 ,0.0 ,186.0 ,0.0 ,1090.0 ,769.0 ,7 ,18.91 
1739,296.0 ,0.0 ,0.0 ,186.0 ,0.0 ,1090.0 ,769.0 ,28 ,25.18 
1740,297.0 ,0.0 ,0.0 ,186.0 ,0.0 ,1040.0 ,734.0 ,7 ,30.96 
1741,480.0 ,0.0 ,0.0 ,192.0 ,0.0 ,936.0 ,721.0 ,28 ,43.89 
1742,480.0 ,0.0 ,0.0 ,192.0 ,0.0 ,936.0 ,721.0 ,90 ,54.28 
1743,397.0 ,0.0 ,0.0 ,186.0 ,0.0 ,1040.0 ,734.0 ,28 ,36.94 
1744,281.0 ,0.0 ,0.0 ,186.0 ,0.0 ,1104.0 ,774.0 ,7 ,14.50 
1745,281.0 ,0.0 ,0.0 ,185.0 ,0.0 ,1104.0 ,774.0 ,28 ,22.44 
1746,500.0 ,0.0 ,0.0 ,200.0 ,0.0 ,1125.0 ,613.0 ,1 ,12.64 
1747,500.0 ,0.0 ,0.0 ,200.0 ,0.0 ,1125.0 ,613.0 ,3 ,26.06 
1748,500.0 ,0.0 ,0.0 ,200.0 ,0.0 ,1125.0 ,613.0 ,7 ,33.21 
1749,500.0 ,0.0 ,0.0 ,200.0 ,0.0 ,1125.0 ,613.0 ,14 ,36.94 
1750,500.0 ,0.0 ,0.0 ,200.0 ,0.0 ,1125.0 ,613.0 ,28 ,44.09 
1751,540.0 ,0.0 ,0.0 ,173.0 ,0.0 ,1125.0 ,613.0 ,7 ,52.61 
1752,540.0 ,0.0 ,0.0 ,173.0 ,0.0 ,1125.0 ,613.0 ,14 ,59.76 
1753,540.0 ,0.0 ,0.0 ,173.0 ,0.0 ,1125.0 ,613.0 ,28 ,67.31 
1754,540.0 ,0.0 ,0.0 ,173.0 ,0.0 ,1125.0 ,613.0 ,90 ,69.66 
1755,540.0 ,0.0 ,0.0 ,173.0 ,0.0 ,1125.0 ,613.0 ,180 ,71.62 
1756,540.0 ,0.0 ,0.0 ,173.0 ,0.0 ,1125.0 ,613.0 ,270 ,74.17 
1757,350.0 ,0.0 ,0.0 ,203.0 ,0.0 ,974.0 ,775.0 ,7 ,18.13 
1758,350.0 ,0.0 ,0.0 ,203.0 ,0.0 ,974.0 ,775.0 ,14 ,22.53 
1759,350.0 ,0.0 ,0.0 ,203.0 ,0.0 ,974.0 ,775.0 ,28 ,27.34 
1760,350.0 ,0.0 ,0.0 ,203.0 ,0.0 ,974.0 ,775.0 ,56 ,29.98 
1761,350.0 ,0.0 ,0.0 ,203.0 ,0.0 ,974.0 ,775.0 ,90 ,31.35 
1762,350.0 ,0.0 ,0.0 ,203.0 ,0.0 ,974.0 ,775.0 ,180 ,32.72 
1763,385.0 ,0.0 ,0.0 ,186.0 ,0.0 ,966.0 ,763.0 ,1 ,6.27 
1764,385.0 ,0.0 ,0.0 ,186.0 ,0.0 ,966.0 ,763.0 ,3 ,14.70 
1765,385.0 ,0.0 ,0.0 ,186.0 ,0.0 ,966.0 ,763.0 ,7 ,23.22 
1766,385.0 ,0.0 ,0.0 ,186.0 ,0.0 ,966.0 ,763.0 ,14 ,27.92 
1767,385.0 ,0.0 ,0.0 ,186.0 ,0.0 ,966.0 ,763.0 ,28 ,31.35 
1768,331.0 ,0.0 ,0.0 ,192.0 ,0.0 ,978.0 ,825.0 ,180 ,39.00 
1769,331.0 ,0.0 ,0.0 ,192.0 ,0.0 ,978.0 ,825.0 ,360 ,41.24 
1770,349.0 ,0.0 ,0.0 ,192.0 ,0.0 ,1047.0 ,806.0 ,3 ,14.99 
1771,331.0 ,0.0 ,0.0 ,192.0 ,0.0 ,978.0 ,825.0 ,3 ,13.52 
1772,382.0 ,0.0 ,0.0 ,186.0 ,0.0 ,1047.0 ,739.0 ,7 ,24.00 
1773,382.0 ,0.0 ,0.0 ,186.0 ,0.0 ,1047.0 ,739.0 ,28 ,37.42 
1774,382.0 ,0.0 ,0.0 ,186.0 ,0.0 ,1111.0 ,784.0 ,7 ,11.47 
1775,281.0 ,0.0 ,0.0 ,186.0 ,0.0 ,1104.0 ,774.0 ,28 ,22.44 
1776,339.0 ,0.0 ,0.0 ,185.0 ,0.0 ,1069.0 ,754.0 ,7 ,21.16 
1777,339.0 ,0.0 ,0.0 ,185.0 ,0.0 ,1069.0 ,754.0 ,28 ,31.84 
1778,295.0 ,0.0 ,0.0 ,185.0 ,0.0 ,1069.0 ,769.0 ,7 ,14.80 
1779,295.0 ,0.0 ,0.0 ,185.0 ,0.0 ,1069.0 ,769.0 ,28 ,25.18 
1780,238.0 ,0.0 ,0.0 ,185.0 ,0.0 ,1118.0 ,789.0 ,28 ,17.54 
1781,296.0 ,0.0 ,0.0 ,192.0 ,0.0 ,1085.0 ,765.0 ,7 ,14.20 
1782,296.0 ,0.0 ,0.0 ,192.0 ,0.0 ,1085.0 ,765.0 ,28 ,21.65 
1783,296.0 ,0.0 ,0.0 ,192.0 ,0.0 ,1085.0 ,765.0 ,90 ,29.39 
1784,331.0 ,0.0 ,0.0 ,192.0 ,0.0 ,879.0 ,825.0 ,3 ,13.52 
1785,331.0 ,0.0 ,0.0 ,192.0 ,0.0 ,978.0 ,825.0 ,7 ,16.26 
1786,331.0 ,0.0 ,0.0 ,192.0 ,0.0 ,978.0 ,825.0 ,28 ,31.45 
1787,331.0 ,0.0 ,0.0 ,192.0 ,0.0 ,978.0 ,825.0 ,90 ,37.23 
1788,349.0 ,0.0 ,0.0 ,192.0 ,0.0 ,1047.0 ,806.0 ,7 ,18.13 
1789,349.0 ,0.0 ,0.0 ,192.0 ,0.0 ,1047.0 ,806.0 ,28 ,32.72 
1790,349.0 ,0.0 ,0.0 ,192.0 ,0.0 ,1047.0 ,806.0 ,90 ,39.49 
1791,349.0 ,0.0 ,0.0 ,192.0 ,0.0 ,1047.0 ,806.0 ,180 ,41.05 
1792,349.0 ,0.0 ,0.0 ,192.0 ,0.0 ,1047.0 ,806.0 ,360 ,42.13 
1793,302.0 ,0.0 ,0.0 ,203.0 ,0.0 ,974.0 ,817.0 ,14 ,18.13 
1794,302.0 ,0.0 ,0.0 ,203.0 ,0.0 ,974.0 ,817.0 ,180 ,26.74 
1795,525.0 ,0.0 ,0.0 ,189.0 ,0.0 ,1125.0 ,613.0 ,180 ,61.92 
1796,500.0 ,0.0 ,0.0 ,200.0 ,0.0 ,1125.0 ,613.0 ,90 ,47.22 
1797,500.0 ,0.0 ,0.0 ,200.0 ,0.0 ,1125.0 ,613.0 ,180 ,51.04 
1798,500.0 ,0.0 ,0.0 ,200.0 ,0.0 ,1125.0 ,613.0 ,270 ,55.16 
1799,540.0 ,0.0 ,0.0 ,173.0 ,0.0 ,1125.0 ,613.0 ,3 ,41.64 
1800,252.0 ,0.0 ,0.0 ,185.0 ,0.0 ,1111.0 ,784.0 ,7 ,13.71 
1801,252.0 ,0.0 ,0.0 ,185.0 ,0.0 ,1111.0 ,784.0 ,28 ,19.69 
1802,339.0 ,0.0 ,0.0 ,185.0 ,0.0 ,1060.0 ,754.0 ,28 ,31.65 
1803,393.0 ,0.0 ,0.0 ,192.0 ,0.0 ,940.0 ,758.0 ,3 ,19.11 
1804,393.0 ,0.0 ,0.0 ,192.0 ,0.0 ,940.0 ,758.0 ,28 ,39.58 
1805,393.0 ,0.0 ,0.0 ,192.0 ,0.0 ,940.0 ,758.0 ,90 ,48.79 
1806,382.0 ,0.0 ,0.0 ,185.0 ,0.0 ,1047.0 ,739.0 ,7 ,24.00 
1807,382.0 ,0.0 ,0.0 ,185.0 ,0.0 ,1047.0 ,739.0 ,28 ,37.42 
1808,252.0 ,0.0 ,0.0 ,186.0 ,0.0 ,1111.0 ,784.0 ,7 ,11.47 
1809,252.0 ,0.0 ,0.0 ,185.0 ,0.0 ,1111.0 ,784.0 ,28 ,19.69 
1810,310.0 ,0.0 ,0.0 ,192.0 ,0.0 ,970.0 ,850.0 ,7 ,14.99 
1811,310.0 ,0.0 ,0.0 ,192.0 ,0.0 ,970.0 ,850.0 ,28 ,27.92 
1812,310.0 ,0.0 ,0.0 ,192.0 ,0.0 ,970.0 ,850.0 ,90 ,34.68 
1813,310.0 ,0.0 ,0.0 ,192.0 ,0.0 ,970.0 ,850.0 ,180 ,37.33 
1814,310.0 ,0.0 ,0.0 ,192.0 ,0.0 ,970.0 ,850.0 ,360 ,38.11 
1815,525.0 ,0.0 ,0.0 ,189.0 ,0.0 ,1125.0 ,613.0 ,3 ,33.80 
1816,525.0 ,0.0 ,0.0 ,189.0 ,0.0 ,1125.0 ,613.0 ,7 ,42.42 
1817,525.0 ,0.0 ,0.0 ,189.0 ,0.0 ,1125.0 ,613.0 ,14 ,48.40 
1818,525.0 ,0.0 ,0.0 ,189.0 ,0.0 ,1125.0 ,613.0 ,28 ,55.94 
1819,525.0 ,0.0 ,0.0 ,189.0 ,0.0 ,1125.0 ,613.0 ,90 ,58.78 
1820,525.0 ,0.0 ,0.0 ,189.0 ,0.0 ,1125.0 ,613.0 ,270 ,67.11 
1821,322.0 ,0.0 ,0.0 ,203.0 ,0.0 ,974.0 ,800.0 ,14 ,20.77 
1822,322.0 ,0.0 ,0.0 ,203.0 ,0.0 ,974.0 ,800.0 ,28 ,25.18 
1823,322.0 ,0.0 ,0.0 ,203.0 ,0.0 ,974.0 ,800.0 ,180 ,29.59 
1824,302.0 ,0.0 ,0.0 ,203.0 ,0.0 ,974.0 ,817.0 ,28 ,21.75 
1825,397.0 ,0.0 ,0.0 ,185.0 ,0.0 ,1040.0 ,734.0 ,28 ,39.09 
1826,480.0 ,0.0 ,0.0 ,192.0 ,0.0 ,936.0 ,721.0 ,3 ,24.39 
1827,522.0 ,0.0 ,0.0 ,146.0 ,0.0 ,896.0 ,896.0 ,7 ,50.51 
1828,522.0 ,0.0 ,0.0 ,146.0 ,0.0 ,896.0 ,896.0 ,28 ,74.99 
1829,273.0 ,105.0 ,82.0 ,210.0 ,9.0 ,904.0 ,680.0 ,28 ,37.17 
1830,162.0 ,190.0 ,148.0 ,179.0 ,19.0 ,838.0 ,741.0 ,28 ,33.76 
1831,154.0 ,144.0 ,112.0 ,220.0 ,10.0 ,923.0 ,658.0 ,28 ,16.50 
1832,147.0 ,115.0 ,89.0 ,202.0 ,9.0 ,860.0 ,829.0 ,28 ,19.99 
1833,152.0 ,178.0 ,139.0 ,168.0 ,18.0 ,944.0 ,695.0 ,28 ,36.35 
1834,310.0 ,143.0 ,111.0 ,168.0 ,22.0 ,914.0 ,651.0 ,28 ,33.69 
1835,144.0 ,0.0 ,175.0 ,158.0 ,18.0 ,943.0 ,844.0 ,28 ,15.42 
1836,304.0 ,140.0 ,0.0 ,214.0 ,6.0 ,895.0 ,722.0 ,28 ,33.42 
1837,374.0 ,0.0 ,0.0 ,190.0 ,7.0 ,1013.0 ,730.0 ,28 ,39.05 
1838,159.0 ,149.0 ,116.0 ,175.0 ,15.0 ,953.0 ,720.0 ,28 ,27.68 
1839,153.0 ,239.0 ,0.0 ,200.0 ,6.0 ,1002.0 ,684.0 ,28 ,26.86 
1840,310.0 ,143.0 ,0.0 ,168.0 ,10.0 ,914.0 ,804.0 ,28 ,45.30 
1841,305.0 ,0.0 ,100.0 ,196.0 ,10.0 ,959.0 ,705.0 ,28 ,30.12 
1842,151.0 ,0.0 ,184.0 ,167.0 ,12.0 ,991.0 ,772.0 ,28 ,15.57 
1843,142.0 ,167.0 ,130.0 ,174.0 ,11.0 ,883.0 ,785.0 ,28 ,44.61 
1844,298.0 ,137.0 ,107.0 ,201.0 ,6.0 ,878.0 ,655.0 ,28 ,53.52 
1845,321.0 ,164.0 ,0.0 ,190.0 ,5.0 ,870.0 ,774.0 ,28 ,57.21 
1846,366.0 ,187.0 ,0.0 ,191.0 ,7.0 ,824.0 ,757.0 ,28 ,65.91 
1847,280.0 ,129.0 ,100.0 ,172.0 ,9.0 ,825.0 ,805.0 ,28 ,52.82 
1848,252.0 ,97.0 ,76.0 ,194.0 ,8.0 ,835.0 ,821.0 ,28 ,33.40 
1849,165.0 ,0.0 ,150.0 ,182.0 ,12.0 ,1023.0 ,729.0 ,28 ,18.03 
1850,156.0 ,243.0 ,0.0 ,180.0 ,11.0 ,1022.0 ,698.0 ,28 ,37.36 
1851,160.0 ,188.0 ,146.0 ,203.0 ,11.0 ,829.0 ,710.0 ,28 ,32.84 
1852,298.0 ,0.0 ,107.0 ,186.0 ,6.0 ,879.0 ,815.0 ,28 ,42.64 
1853,318.0 ,0.0 ,126.0 ,210.0 ,6.0 ,861.0 ,737.0 ,28 ,40.06 
1854,287.0 ,121.0 ,94.0 ,188.0 ,9.0 ,904.0 ,696.0 ,28 ,41.94 
1855,326.0 ,166.0 ,0.0 ,174.0 ,9.0 ,882.0 ,790.0 ,28 ,61.23 
1856,356.0 ,0.0 ,142.0 ,193.0 ,11.0 ,801.0 ,778.0 ,28 ,40.87 
1857,132.0 ,207.0 ,161.0 ,179.0 ,5.0 ,867.0 ,736.0 ,28 ,33.30 
1858,322.0 ,149.0 ,0.0 ,186.0 ,8.0 ,951.0 ,709.0 ,28 ,52.42 
1859,164.0 ,0.0 ,200.0 ,181.0 ,13.0 ,849.0 ,846.0 ,28 ,15.09 
1860,314.0 ,0.0 ,113.0 ,170.0 ,10.0 ,925.0 ,783.0 ,28 ,38.46 
1861,321.0 ,0.0 ,128.0 ,182.0 ,11.0 ,870.0 ,780.0 ,28 ,37.26 
1862,140.0 ,164.0 ,128.0 ,237.0 ,6.0 ,869.0 ,656.0 ,28 ,35.23 
1863,288.0 ,121.0 ,0.0 ,177.0 ,7.0 ,908.0 ,829.0 ,28 ,42.13 
1864,298.0 ,0.0 ,107.0 ,210.0 ,11.0 ,880.0 ,744.0 ,28 ,31.87 
1865,265.0 ,111.0 ,86.0 ,195.0 ,6.0 ,833.0 ,790.0 ,28 ,41.54 
1866,160.0 ,250.0 ,0.0 ,168.0 ,12.0 ,1049.0 ,688.0 ,28 ,39.45 
1867,166.0 ,260.0 ,0.0 ,183.0 ,13.0 ,859.0 ,827.0 ,28 ,37.91 
1868,276.0 ,116.0 ,90.0 ,180.0 ,9.0 ,870.0 ,768.0 ,28 ,44.28 
1869,322.0 ,0.0 ,116.0 ,196.0 ,10.0 ,818.0 ,813.0 ,28 ,31.18 
1870,149.0 ,139.0 ,109.0 ,193.0 ,6.0 ,892.0 ,780.0 ,28 ,23.69 
1871,159.0 ,187.0 ,0.0 ,176.0 ,11.0 ,990.0 ,789.0 ,28 ,32.76 
1872,261.0 ,100.0 ,78.0 ,201.0 ,9.0 ,864.0 ,761.0 ,28 ,32.40 
1873,237.0 ,92.0 ,71.0 ,247.0 ,6.0 ,853.0 ,695.0 ,28 ,28.63 
1874,313.0 ,0.0 ,113.0 ,178.0 ,8.0 ,1002.0 ,689.0 ,28 ,36.80 
1875,155.0 ,183.0 ,0.0 ,193.0 ,9.0 ,1047.0 ,697.0 ,28 ,18.28 
1876,146.0 ,230.0 ,0.0 ,202.0 ,3.0 ,827.0 ,872.0 ,28 ,33.06 
1877,296.0 ,0.0 ,107.0 ,221.0 ,11.0 ,819.0 ,778.0 ,28 ,31.42 
1878,133.0 ,210.0 ,0.0 ,196.0 ,3.0 ,949.0 ,795.0 ,28 ,31.03 
1879,313.0 ,145.0 ,0.0 ,178.0 ,8.0 ,867.0 ,824.0 ,28 ,44.39 
1880,152.0 ,0.0 ,112.0 ,184.0 ,8.0 ,992.0 ,816.0 ,28 ,12.18 
1881,153.0 ,145.0 ,113.0 ,178.0 ,8.0 ,1002.0 ,689.0 ,28 ,25.56 
1882,140.0 ,133.0 ,103.0 ,200.0 ,7.0 ,916.0 ,753.0 ,28 ,36.44 
1883,149.0 ,236.0 ,0.0 ,176.0 ,13.0 ,847.0 ,893.0 ,28 ,32.96 
1884,300.0 ,0.0 ,120.0 ,212.0 ,10.0 ,878.0 ,728.0 ,28 ,23.84 
1885,153.0 ,145.0 ,113.0 ,178.0 ,8.0 ,867.0 ,824.0 ,28 ,26.23 
1886,148.0 ,0.0 ,137.0 ,158.0 ,16.0 ,1002.0 ,830.0 ,28 ,17.95 
1887,326.0 ,0.0 ,138.0 ,199.0 ,11.0 ,801.0 ,792.0 ,28 ,40.68 
1888,153.0 ,145.0 ,0.0 ,178.0 ,8.0 ,1000.0 ,822.0 ,28 ,19.01 
1889,262.0 ,111.0 ,86.0 ,195.0 ,5.0 ,895.0 ,733.0 ,28 ,33.72 
1890,158.0 ,0.0 ,195.0 ,220.0 ,11.0 ,898.0 ,713.0 ,28 ,8.54 
1891,151.0 ,0.0 ,185.0 ,167.0 ,16.0 ,1074.0 ,678.0 ,28 ,13.46 
1892,273.0 ,0.0 ,90.0 ,199.0 ,11.0 ,931.0 ,762.0 ,28 ,32.24 
1893,149.0 ,118.0 ,92.0 ,183.0 ,7.0 ,953.0 ,780.0 ,28 ,23.52 
1894,143.0 ,169.0 ,143.0 ,191.0 ,8.0 ,967.0 ,643.0 ,28 ,29.72 
1895,260.0 ,101.0 ,78.0 ,171.0 ,10.0 ,936.0 ,763.0 ,28 ,49.77 
1896,313.0 ,161.0 ,0.0 ,178.0 ,10.0 ,917.0 ,759.0 ,28 ,52.44 
1897,284.0 ,120.0 ,0.0 ,168.0 ,7.0 ,970.0 ,794.0 ,28 ,40.93 
1898,336.0 ,0.0 ,0.0 ,182.0 ,3.0 ,986.0 ,817.0 ,28 ,44.86 
1899,145.0 ,0.0 ,134.0 ,181.0 ,11.0 ,979.0 ,812.0 ,28 ,13.20 
1900,150.0 ,237.0 ,0.0 ,174.0 ,12.0 ,1069.0 ,675.0 ,28 ,37.43 
1901,144.0 ,170.0 ,133.0 ,192.0 ,8.0 ,814.0 ,805.0 ,28 ,29.87 
1902,331.0 ,170.0 ,0.0 ,195.0 ,8.0 ,811.0 ,802.0 ,28 ,56.61 
1903,155.0 ,0.0 ,143.0 ,193.0 ,9.0 ,1047.0 ,697.0 ,28 ,12.46 
1904,155.0 ,183.0 ,0.0 ,193.0 ,9.0 ,877.0 ,868.0 ,28 ,23.79 
1905,135.0 ,0.0 ,166.0 ,180.0 ,10.0 ,961.0 ,805.0 ,28 ,13.29 
1906,266.0 ,112.0 ,87.0 ,178.0 ,10.0 ,910.0 ,745.0 ,28 ,39.42 
1907,314.0 ,145.0 ,113.0 ,179.0 ,8.0 ,869.0 ,690.0 ,28 ,46.23 
1908,313.0 ,145.0 ,0.0 ,127.0 ,8.0 ,1000.0 ,822.0 ,28 ,44.52 
1909,146.0 ,173.0 ,0.0 ,182.0 ,3.0 ,986.0 ,817.0 ,28 ,23.74 
1910,144.0 ,136.0 ,106.0 ,178.0 ,7.0 ,941.0 ,774.0 ,28 ,26.14 
1911,148.0 ,0.0 ,182.0 ,181.0 ,15.0 ,839.0 ,884.0 ,28 ,15.52 
1912,277.0 ,117.0 ,91.0 ,191.0 ,7.0 ,946.0 ,666.0 ,28 ,43.57 
1913,298.0 ,0.0 ,107.0 ,164.0 ,13.0 ,953.0 ,784.0 ,28 ,35.86 
1914,313.0 ,145.0 ,0.0 ,178.0 ,8.0 ,1002.0 ,689.0 ,28 ,41.05 
1915,155.0 ,184.0 ,143.0 ,194.0 ,9.0 ,880.0 ,699.0 ,28 ,28.99 
1916,289.0 ,134.0 ,0.0 ,195.0 ,6.0 ,924.0 ,760.0 ,28 ,46.24 
1917,148.0 ,175.0 ,0.0 ,171.0 ,2.0 ,1000.0 ,828.0 ,28 ,26.92 
1918,145.0 ,0.0 ,179.0 ,202.0 ,8.0 ,824.0 ,869.0 ,28 ,10.54 
1919,313.0 ,0.0 ,0.0 ,178.0 ,8.0 ,1000.0 ,822.0 ,28 ,25.10 
1920,136.0 ,162.0 ,126.0 ,172.0 ,10.0 ,923.0 ,764.0 ,28 ,29.07 
1921,155.0 ,0.0 ,143.0 ,193.0 ,9.0 ,877.0 ,868.0 ,28 ,9.74 
1922,255.0 ,99.0 ,77.0 ,189.0 ,6.0 ,919.0 ,749.0 ,28 ,33.80 
1923,162.0 ,207.0 ,172.0 ,216.0 ,10.0 ,822.0 ,638.0 ,28 ,39.84 
1924,136.0 ,196.0 ,98.0 ,199.0 ,6.0 ,847.0 ,783.0 ,28 ,26.97 
1925,164.0 ,163.0 ,128.0 ,197.0 ,8.0 ,961.0 ,641.0 ,28 ,27.23 
1926,162.0 ,214.0 ,164.0 ,202.0 ,10.0 ,820.0 ,680.0 ,28 ,30.65 
1927,157.0 ,214.0 ,152.0 ,200.0 ,9.0 ,819.0 ,704.0 ,28 ,33.05 
1928,149.0 ,153.0 ,194.0 ,192.0 ,8.0 ,935.0 ,623.0 ,28 ,24.58 
1929,135.0 ,105.0 ,193.0 ,196.0 ,6.0 ,965.0 ,643.0 ,28 ,21.91 
1930,159.0 ,209.0 ,161.0 ,201.0 ,7.0 ,848.0 ,669.0 ,28 ,30.88 
1931,144.0 ,15.0 ,195.0 ,176.0 ,6.0 ,1021.0 ,709.0 ,28 ,15.34 
1932,154.0 ,174.0 ,185.0 ,228.0 ,7.0 ,845.0 ,612.0 ,28 ,24.34 
1933,167.0 ,187.0 ,195.0 ,185.0 ,7.0 ,898.0 ,636.0 ,28 ,23.89 
1934,184.0 ,86.0 ,190.0 ,213.0 ,6.0 ,923.0 ,623.0 ,28 ,22.93 
1935,156.0 ,178.0 ,187.0 ,221.0 ,7.0 ,854.0 ,614.0 ,28 ,29.41 
1936,236.9 ,91.7 ,71.5 ,246.9 ,6.0 ,852.9 ,695.4 ,28 ,28.63 
1937,313.3 ,0.0 ,113.0 ,178.5 ,8.0 ,1001.9 ,688.7 ,28 ,36.80 
1938,154.8 ,183.4 ,0.0 ,193.3 ,9.1 ,1047.4 ,696.7 ,28 ,18.29 
1939,145.9 ,230.5 ,0.0 ,202.5 ,3.4 ,827.0 ,871.8 ,28 ,32.72 
1940,296.0 ,0.0 ,106.7 ,221.4 ,10.5 ,819.2 ,778.4 ,28 ,31.42 
1941,133.1 ,210.2 ,0.0 ,195.7 ,3.1 ,949.4 ,795.3 ,28 ,28.94 
1942,313.3 ,145.0 ,0.0 ,178.5 ,8.0 ,867.2 ,824.0 ,28 ,40.93 
1943,151.6 ,0.0 ,111.9 ,184.4 ,7.9 ,992.0 ,815.9 ,28 ,12.18 
1944,153.1 ,145.0 ,113.0 ,178.5 ,8.0 ,1001.9 ,688.7 ,28 ,25.56 
1945,139.9 ,132.6 ,103.3 ,200.3 ,7.4 ,916.0 ,753.4 ,28 ,36.44 
1946,149.5 ,236.0 ,0.0 ,175.8 ,12.6 ,846.8 ,892.7 ,28 ,32.96 
1947,299.8 ,0.0 ,119.8 ,211.5 ,9.9 ,878.2 ,727.6 ,28 ,23.84 
1948,153.1 ,145.0 ,113.0 ,178.5 ,8.0 ,867.2 ,824.0 ,28 ,26.23 
1949,148.1 ,0.0 ,136.6 ,158.1 ,16.1 ,1001.8 ,830.1 ,28 ,17.96 
1950,326.5 ,0.0 ,137.9 ,199.0 ,10.8 ,801.1 ,792.5 ,28 ,38.63 
1951,152.7 ,144.7 ,0.0 ,178.1 ,8.0 ,999.7 ,822.2 ,28 ,19.01 
1952,261.9 ,110.5 ,86.1 ,195.4 ,5.0 ,895.2 ,732.6 ,28 ,33.72 
1953,158.4 ,0.0 ,194.9 ,219.7 ,11.0 ,897.7 ,712.9 ,28 ,8.54 
1954,150.7 ,0.0 ,185.3 ,166.7 ,15.6 ,1074.5 ,678.0 ,28 ,13.46 
1955,272.6 ,0.0 ,89.6 ,198.7 ,10.6 ,931.3 ,762.2 ,28 ,32.25 
1956,149.0 ,117.6 ,91.7 ,182.9 ,7.1 ,953.4 ,780.3 ,28 ,23.52 
1957,143.0 ,169.4 ,142.7 ,190.7 ,8.4 ,967.4 ,643.5 ,28 ,29.73 
1958,259.9 ,100.6 ,78.4 ,170.6 ,10.4 ,935.7 ,762.9 ,28 ,49.77 
1959,312.9 ,160.5 ,0.0 ,177.6 ,9.6 ,916.6 ,759.5 ,28 ,52.45 
1960,284.0 ,119.7 ,0.0 ,168.3 ,7.2 ,970.4 ,794.2 ,28 ,40.93 
1961,336.5 ,0.0 ,0.0 ,181.9 ,3.4 ,985.8 ,816.8 ,28 ,44.87 
1962,144.8 ,0.0 ,133.6 ,180.8 ,11.1 ,979.5 ,811.5 ,28 ,13.20 
1963,150.0 ,236.8 ,0.0 ,173.8 ,11.9 ,1069.3 ,674.8 ,28 ,37.43 
1964,143.7 ,170.2 ,132.6 ,191.6 ,8.5 ,814.1 ,805.3 ,28 ,29.87 
1965,330.5 ,169.6 ,0.0 ,194.9 ,8.1 ,811.0 ,802.3 ,28 ,56.62 
1966,154.8 ,0.0 ,142.8 ,193.3 ,9.1 ,1047.4 ,696.7 ,28 ,12.46 
1967,154.8 ,183.4 ,0.0 ,193.3 ,9.1 ,877.2 ,867.7 ,28 ,23.79 
1968,134.7 ,0.0 ,165.7 ,180.2 ,10.0 ,961.0 ,804.9 ,28 ,13.29 
1969,266.2 ,112.3 ,87.5 ,177.9 ,10.4 ,909.7 ,744.5 ,28 ,39.42 
1970,314.0 ,145.3 ,113.2 ,178.9 ,8.0 ,869.1 ,690.2 ,28 ,46.23 
1971,312.7 ,144.7 ,0.0 ,127.3 ,8.0 ,999.7 ,822.2 ,28 ,44.52 
1972,145.7 ,172.6 ,0.0 ,181.9 ,3.4 ,985.8 ,816.8 ,28 ,23.74 
1973,143.8 ,136.3 ,106.2 ,178.1 ,7.5 ,941.5 ,774.3 ,28 ,26.15 
1974,148.1 ,0.0 ,182.1 ,181.4 ,15.0 ,838.9 ,884.3 ,28 ,15.53 
1975,277.0 ,116.8 ,91.0 ,190.6 ,7.0 ,946.5 ,665.6 ,28 ,43.58 
1976,298.1 ,0.0 ,107.5 ,163.6 ,12.8 ,953.2 ,784.0 ,28 ,35.87 
1977,313.3 ,145.0 ,0.0 ,178.5 ,8.0 ,1001.9 ,688.7 ,28 ,41.05 
1978,155.2 ,183.9 ,143.2 ,193.8 ,9.2 ,879.6 ,698.5 ,28 ,28.99 
1979,289.0 ,133.7 ,0.0 ,194.9 ,5.5 ,924.1 ,760.1 ,28 ,46.25 
1980,147.8 ,175.1 ,0.0 ,171.2 ,2.2 ,1000.0 ,828.5 ,28 ,26.92 
1981,145.4 ,0.0 ,178.9 ,201.7 ,7.8 ,824.0 ,868.7 ,28 ,10.54 
1982,312.7 ,0.0 ,0.0 ,178.1 ,8.0 ,999.7 ,822.2 ,28 ,25.10 
1983,136.4 ,161.6 ,125.8 ,171.6 ,10.4 ,922.6 ,764.4 ,28 ,29.07 
1984,154.8 ,0.0 ,142.8 ,193.3 ,9.1 ,877.2 ,867.7 ,28 ,9.74 
1985,255.3 ,98.8 ,77.0 ,188.6 ,6.5 ,919.0 ,749.3 ,28 ,33.80 
1986,272.8 ,105.1 ,81.8 ,209.7 ,9.0 ,904.0 ,679.7 ,28 ,37.17 
1987,162.0 ,190.1 ,148.1 ,178.8 ,18.8 ,838.1 ,741.4 ,28 ,33.76 
1988,153.6 ,144.2 ,112.3 ,220.1 ,10.1 ,923.2 ,657.9 ,28 ,16.50 
1989,146.5 ,114.6 ,89.3 ,201.9 ,8.8 ,860.0 ,829.5 ,28 ,19.99 
1990,151.8 ,178.1 ,138.7 ,167.5 ,18.3 ,944.0 ,694.6 ,28 ,36.35 
1991,309.9 ,142.8 ,111.2 ,167.8 ,22.1 ,913.9 ,651.2 ,28 ,38.22 
1992,143.6 ,0.0 ,174.9 ,158.4 ,17.9 ,942.7 ,844.5 ,28 ,15.42 
1993,303.6 ,139.9 ,0.0 ,213.5 ,6.2 ,895.5 ,722.5 ,28 ,33.42 
1994,374.3 ,0.0 ,0.0 ,190.2 ,6.7 ,1013.2 ,730.4 ,28 ,39.06 
1995,158.6 ,148.9 ,116.0 ,175.1 ,15.0 ,953.3 ,719.7 ,28 ,27.68 
1996,152.6 ,238.7 ,0.0 ,200.0 ,6.3 ,1001.8 ,683.9 ,28 ,26.86 
1997,310.0 ,142.8 ,0.0 ,167.9 ,10.0 ,914.3 ,804.0 ,28 ,45.30 
1998,304.8 ,0.0 ,99.6 ,196.0 ,9.8 ,959.4 ,705.2 ,28 ,30.12 
1999,150.9 ,0.0 ,183.9 ,166.6 ,11.6 ,991.2 ,772.2 ,28 ,15.57 
2000,141.9 ,166.6 ,129.7 ,173.5 ,10.9 ,882.6 ,785.3 ,28 ,44.61 
2001,297.8 ,137.2 ,106.9 ,201.3 ,6.0 ,878.4 ,655.3 ,28 ,53.52 
2002,321.3 ,164.2 ,0.0 ,190.5 ,4.6 ,870.0 ,774.0 ,28 ,57.22 
2003,366.0 ,187.0 ,0.0 ,191.3 ,6.6 ,824.3 ,756.9 ,28 ,65.91 
2004,279.8 ,128.9 ,100.4 ,172.4 ,9.5 ,825.1 ,804.9 ,28 ,52.83 
2005,252.1 ,97.1 ,75.6 ,193.8 ,8.3 ,835.5 ,821.4 ,28 ,33.40 
2006,164.6 ,0.0 ,150.4 ,181.6 ,11.7 ,1023.3 ,728.9 ,28 ,18.03 
2007,155.6 ,243.5 ,0.0 ,180.3 ,10.7 ,1022.0 ,697.7 ,28 ,37.36 
2008,160.2 ,188.0 ,146.4 ,203.2 ,11.3 ,828.7 ,709.7 ,28 ,35.31 
2009,298.1 ,0.0 ,107.0 ,186.4 ,6.1 ,879.0 ,815.2 ,28 ,42.64 
2010,317.9 ,0.0 ,126.5 ,209.7 ,5.7 ,860.5 ,736.6 ,28 ,40.06 
2011,287.3 ,120.5 ,93.9 ,187.6 ,9.2 ,904.4 ,695.9 ,28 ,43.80 
2012,325.6 ,166.4 ,0.0 ,174.0 ,8.9 ,881.6 ,790.0 ,28 ,61.24 
2013,355.9 ,0.0 ,141.6 ,193.3 ,11.0 ,801.4 ,778.4 ,28 ,40.87 
2014,132.0 ,206.5 ,160.9 ,178.9 ,5.5 ,866.9 ,735.6 ,28 ,33.31 
2015,322.5 ,148.6 ,0.0 ,185.8 ,8.5 ,951.0 ,709.5 ,28 ,52.43 
2016,164.2 ,0.0 ,200.1 ,181.2 ,12.6 ,849.3 ,846.0 ,28 ,15.09 
2017,313.8 ,0.0 ,112.6 ,169.9 ,10.1 ,925.3 ,782.9 ,28 ,38.46 
2018,321.4 ,0.0 ,127.9 ,182.5 ,11.5 ,870.1 ,779.7 ,28 ,37.27 
2019,139.7 ,163.9 ,127.7 ,236.7 ,5.8 ,868.6 ,655.6 ,28 ,35.23 
2020,288.4 ,121.0 ,0.0 ,177.4 ,7.0 ,907.9 ,829.5 ,28 ,42.14 
2021,298.2 ,0.0 ,107.0 ,209.7 ,11.1 ,879.6 ,744.2 ,28 ,31.88 
2022,264.5 ,111.0 ,86.5 ,195.5 ,5.9 ,832.6 ,790.4 ,28 ,41.54 
2023,159.8 ,250.0 ,0.0 ,168.4 ,12.2 ,1049.3 ,688.2 ,28 ,39.46 
2024,166.0 ,259.7 ,0.0 ,183.2 ,12.7 ,858.8 ,826.8 ,28 ,37.92 
2025,276.4 ,116.0 ,90.3 ,179.6 ,8.9 ,870.1 ,768.3 ,28 ,44.28 
2026,322.2 ,0.0 ,115.6 ,196.0 ,10.4 ,817.9 ,813.4 ,28 ,31.18 
2027,148.5 ,139.4 ,108.6 ,192.7 ,6.1 ,892.4 ,780.0 ,28 ,23.70 
2028,159.1 ,186.7 ,0.0 ,175.6 ,11.3 ,989.6 ,788.9 ,28 ,32.77 
2029,260.9 ,100.5 ,78.3 ,200.6 ,8.6 ,864.5 ,761.5 ,28 ,32.40 